Pokemon,Level,Move
Caterpie,1,"Dark Pulse"
Caterpie,1,"Psychic"
Caterpie,50,"Hex"
Caterpie,55,"Mud Shot"
Caterpie,60,"Stomp"
Caterpie,65,"Shadow Sneak"
Caterpie,70,"Draining Kiss"
Caterpie,75,"Will-O-Wisp"
Caterpie,80,"Poltergeist"
Caterpie,85,"Pain Split"
Caterpie,90,"Shadow Ball"
Caterpie,100,"Astral Barrage"
Metapod,1,"Harden"
Butterfree,1,"Gust"
Butterfree,1,"Harden"
Butterfree,1,"Tackle"
Butterfree,1,"String Shot"
Butterfree,2,"Bug Bite"
Butterfree,10,"Gust"
Butterfree,10,"Confusion"
Butterfree,12,"Sleep Powder"
Butterfree,16,"Psybeam"
Butterfree,22,"Air Cutter"
Butterfree,32,"Bug Buzz"
Butterfree,36,"Tailwind"
Butterfree,42,"Air Slash"
Butterfree,48,"Rage Powder"
Rattata,1,"Tackle"
Rattata,1,"Tail Whip"
Rattata,4,"Quick Attack"
Rattata,7,"Focus Energy"
Rattata,10,"Bite"
Rattata,13,"Covet"
Rattata,16,"Take Down"
Rattata,22,"Crunch"
Rattata,25,"Sucker Punch"
Rattata,28,"Super Fang"
Rattata,31,"Double-Edge"
Rattata,48,"Facade"
Raticate,1,"Scary Face"
Raticate,1,"Tackle"
Raticate,1,"Tail Whip"
Raticate,4,"Quick Attack"
Raticate,7,"Focus Energy"
Raticate,10,"Bite"
Raticate,13,"Covet"
Raticate,16,"Take Down"
Raticate,24,"Crunch"
Raticate,29,"Sucker Punch"
Raticate,34,"Super Fang"
Raticate,39,"Double-Edge"
Raticate,56,"Facade"
Rattata-Alola,1,"Tackle"
Rattata-Alola,1,"Tail Whip"
Rattata-Alola,4,"Quick Attack"
Rattata-Alola,7,"Focus Energy"
Rattata-Alola,10,"Bite"
Rattata-Alola,13,"Covet"
Rattata-Alola,16,"Take Down"
Rattata-Alola,22,"Crunch"
Rattata-Alola,25,"Sucker Punch"
Rattata-Alola,28,"Super Fang"
Rattata-Alola,31,"Double-Edge"
Rattata-Alola,36,"Foul Play"
Raticate-Alola,1,"Scary Face"
Raticate-Alola,1,"Tackle"
Raticate-Alola,1,"Tail Whip"
Raticate-Alola,4,"Quick Attack"
Raticate-Alola,7,"Focus Energy"
Raticate-Alola,10,"Bite"
Raticate-Alola,13,"Covet"
Raticate-Alola,16,"Take Down"
Raticate-Alola,24,"Crunch"
Raticate-Alola,29,"Sucker Punch"
Raticate-Alola,34,"Super Fang"
Raticate-Alola,39,"Double-Edge"
Raticate-Alola,44,"Foul Play"
Spearow,1,"Peck"
Spearow,1,"Growl"
Spearow,4,"Leer"
Spearow,8,"Assurance"
Spearow,11,"Fury Attack"
Spearow,12,"Aerial Ace"
Spearow,17,"Pluck"
Spearow,21,"Take Down"
Spearow,25,"Roost"
Spearow,28,"Drill Peck"
Spearow,30,"Dual Wingbeat"
Fearow,1,"Drill Run"
Fearow,5,"Growl"
Fearow,8,"Assurance"
Fearow,15,"Aerial Ace"
Fearow,19,"Pluck"
Fearow,21,"Double Hit"
Fearow,25,"Take Down"
Fearow,28,"Roost"
Fearow,28,"Drill Peck"
Fearow,32,"Body Slam"
Fearow,35,"Dual Wingbeat"
Fearow,42,"Brave Bird"
Fearow,48,"Beak Blast"
Fearow,48,"Extreme Speed"
Sandshrew,1,"Scratch"
Sandshrew,1,"Defense Curl"
Sandshrew,1,"Sand Attack"
Sandshrew,5,"Poison Sting"
Sandshrew,7,"Rollout"
Sandshrew,9,"Rapid Spin"
Sandshrew,11,"Fury Cutter"
Sandshrew,14,"Bulldoze"
Sandshrew,20,"Fury Swipes"
Sandshrew,23,"Slash"
Sandshrew,26,"Stomping Tantrum"
Sandshrew,32,"Gyro Ball"
Sandshrew,35,"Earthquake"
Sandslash,1,"Crush Claw"
Sandslash,1,"Steel Roller"
Sandslash,5,"Poison Sting"
Sandslash,9,"Rollout"
Sandslash,12,"Rapid Spin"
Sandslash,15,"Bulldoze"
Sandslash,23,"Slash"
Sandslash,30,"Stomping Tantrum"
Sandslash,35,"Gyro Ball"
Sandslash,39,"Earthquake"
Sandslash,45,"Spiky Shield"
Vulpix,1,"Roar"
Vulpix,1,"Tail Whip"
Vulpix,1,"Ember"
Vulpix,9,"Baby-Doll Eyes"
Vulpix,12,"Quick Attack"
Vulpix,16,"Incinerate"
Vulpix,20,"Will-O-Wisp"
Vulpix,25,"Hex"
Vulpix,28,"Flame Burst"
Vulpix,31,"Extrasensory"
Vulpix,35,"Flamethrower"
Vulpix,40,"Imprison"
Vulpix,45,"Overheat"
Ninetales,1,"Burn Up"
Ninetales,9,"Baby-Doll Eyes"
Ninetales,22,"Quick Attack"
Ninetales,26,"Incinerate"
Ninetales,30,"Will-O-Wisp"
Ninetales,32,"Hex"
Ninetales,34,"Flame Burst"
Ninetales,36,"Extrasensory"
Ninetales,40,"Flamethrower"
Ninetales,45,"Imprison"
Ninetales,50,"Overheat"
Vulpix-Alola,1,"Disable"
Vulpix-Alola,1,"Tail Whip"
Vulpix-Alola,1,"Powder Snow"
Vulpix-Alola,9,"Ice Shard"
Vulpix-Alola,12,"Confuse Ray"
Vulpix-Alola,16,"Icy Wind"
Vulpix-Alola,20,"Aurora Beam"
Vulpix-Alola,25,"Draining Kiss"
Vulpix-Alola,28,"Extrasensory"
Vulpix-Alola,32,"Ice Beam"
Vulpix-Alola,38,"Freeze-Dry"
Vulpix-Alola,44,"Blizzard"
Ninetales-Alola,1,"Frost Breath"
Ninetales-Alola,5,"Tail Whip"
Ninetales-Alola,5,"Powder Snow"
Ninetales-Alola,5,"Ice Shard"
Ninetales-Alola,12,"Confuse Ray"
Ninetales-Alola,16,"Icy Wind"
Ninetales-Alola,20,"Aurora Beam"
Ninetales-Alola,25,"Draining Kiss"
Ninetales-Alola,36,"Dazzling Gleam"
Ninetales-Alola,38,"Ice Beam"
Ninetales-Alola,49,"Freeze-Dry"
Ninetales-Alola,52,"Blizzard"
Jigglypuff,1,"Disarming Voice"
Jigglypuff,1,"Charm"
Jigglypuff,1,"Sing"
Jigglypuff,5,"Pound"
Jigglypuff,9,"Covet"
Jigglypuff,16,"Round"
Jigglypuff,20,"Body Slam"
Jigglypuff,24,"Rapid Spin"
Jigglypuff,26,"Charm"
Jigglypuff,32,"Hyper Voice"
Jigglypuff,36,"Play Rough"
Jigglypuff,40,"Dazzling Gleam"
Jigglypuff,44,"Double-Edge"
Wigglytuff,1,"Draining Kiss"
Wigglytuff,1,"Charm"
Wigglytuff,1,"Sing"
Wigglytuff,10,"Pound"
Wigglytuff,14,"Covet"
Wigglytuff,20,"Round"
Wigglytuff,25,"Body Slam"
Wigglytuff,28,"Rapid Spin"
Wigglytuff,30,"Charm"
Wigglytuff,36,"Hyper Voice"
Wigglytuff,40,"Play Rough"
Wigglytuff,44,"Dazzling Gleam"
Wigglytuff,48,"Double-Edge"
Wigglytuff,52,"Recover"
Oddish,1,"Absorb"
Oddish,1,"Acid"
Oddish,1,"Sleep Powder"
Oddish,12,"Mega Drain"
Oddish,16,"Venoshock"
Oddish,18,"Magical Leaf"
Oddish,22,"Toxic"
Oddish,25,"Giga Drain"
Oddish,28,"Moonblast"
Oddish,32,"Moonlight"
Oddish,36,"Petal Dance"
Gloom,1,"Absorb"
Gloom,1,"Acid"
Gloom,1,"Sleep Powder"
Gloom,16,"Mega Drain"
Gloom,20,"Venoshock"
Gloom,23,"Magical Leaf"
Gloom,26,"Toxic"
Gloom,30,"Giga Drain"
Gloom,34,"Moonblast"
Gloom,36,"Moonlight"
Gloom,40,"Petal Dance"
Vileplume,1,"Absorb"
Vileplume,1,"Acid"
Vileplume,1,"Sleep Powder"
Vileplume,25,"Mega Drain"
Vileplume,28,"Venoshock"
Vileplume,28,"Magical Leaf"
Vileplume,30,"Toxic"
Vileplume,32,"Giga Drain"
Vileplume,32,"Sludge Bomb"
Vileplume,36,"Moonblast"
Vileplume,42,"Moonlight"
Vileplume,54,"Leaf Storm"
Venonat,1,"Disable"
Venonat,1,"Struggle Bug"
Venonat,1,"Confusion"
Venonat,5,"Poison Powder"
Venonat,14,"Gust"
Venonat,18,"Psybeam"
Venonat,25,"Mega Drain"
Venonat,28,"Sleep Powder"
Venonat,32,"Leech Life"
Venonat,32,"Zen Headbutt"
Venonat,35,"Poison Fang"
Venonat,38,"Toxic"
Venonat,41,"Psychic"
Venomoth,1,"Hurricane"
Venomoth,1,"Light Screen"
Venomoth,1,"Reflect"
Venomoth,22,"Air Cutter"
Venomoth,25,"Mega Drain"
Venomoth,31,"Air Slash"
Venomoth,33,"Silver Wind"
Venomoth,36,"Leech Life"
Venomoth,38,"Sludge Bomb"
Venomoth,38,"Bug Buzz"
Venomoth,42,"Toxic"
Venomoth,44,"Psychic"
Diglett,1,"Leer"
Diglett,1,"Scratch"
Diglett,1,"Sand Attack"
Diglett,5,"Astonish"
Diglett,15,"Bulldoze"
Diglett,20,"Sucker Punch"
Diglett,24,"Slash"
Diglett,28,"Stomping Tantrum"
Diglett,31,"Earth Power"
Diglett,36,"Earthquake"
Silvally,1,"Multi-Attack"
Silvally,1,"Explosion"
Silvally,1,"Thunder Fang"
Silvally,1,"Ice Fang"
Silvally,1,"Fire Fang"
Silvally,1,"Poison Fang"
Silvally,1,"Imprison"
Silvally,1,"Iron Head"
Silvally,5,"Tackle"
Silvally,5,"Bite"
Silvally,5,"Aerial Ace"
Silvally,5,"Scary Face"
Silvally,30,"Double Hit"
Silvally,35,"Metal Sound"
Silvally,40,"Crush Claw"
Silvally,45,"Air Slash"
Silvally,50,"Tri Attack"
Silvally,55,"X-Scissor"
Silvally,60,"Crunch"
Silvally,65,"Take Down"
Silvally,70,"Multi-Attack"
Silvally,75,"Double-Edge"
Silvally,90,"Parting Shot"
Dugtrio,1,"Leer"
Dugtrio,1,"Scratch"
Dugtrio,1,"Sand Attack"
Dugtrio,12,"Astonish"
Dugtrio,21,"Bulldoze"
Dugtrio,26,"Sucker Punch"
Dugtrio,28,"Slash"
Dugtrio,30,"Stomping Tantrum"
Dugtrio,35,"Earth Power"
Dugtrio,40,"Earthquake"
Diglett-Alola,1,"Leer"
Diglett-Alola,1,"Scratch"
Diglett-Alola,1,"Sand Attack"
Diglett-Alola,5,"Metal Claw"
Diglett-Alola,15,"Bulldoze"
Diglett-Alola,20,"Sucker Punch"
Diglett-Alola,24,"Slash"
Diglett-Alola,28,"Stomping Tantrum"
Diglett-Alola,31,"Iron Head"
Diglett-Alola,36,"Earthquake"
Dugtrio-Alola,1,"Leer"
Dugtrio-Alola,1,"Scratch"
Dugtrio-Alola,1,"Sand Attack"
Dugtrio-Alola,12,"Metal Claw"
Dugtrio-Alola,21,"Bulldoze"
Dugtrio-Alola,26,"Sucker Punch"
Dugtrio-Alola,28,"Slash"
Dugtrio-Alola,30,"Stomping Tantrum"
Dugtrio-Alola,35,"Iron Head"
Dugtrio-Alola,40,"Earthquake"
Meowth,1,"Fake Out"
Meowth,1,"Scratch"
Meowth,1,"Bite"
Meowth,16,"Screech"
Meowth,18,"Covet"
Meowth,20,"Charm"
Meowth,22,"Slash"
Meowth,25,"Night Slash"
Meowth,30,"Play Rough"
Meowth,32,"Taunt"
Meowth,35,"Last Resort"
Persian,1,"Fake Out"
Persian,5,"Scratch"
Persian,5,"Bite"
Persian,5,"Screech"
Persian,5,"Covet"
Persian,22,"Charm"
Persian,25,"Double Hit"
Persian,30,"Night Slash"
Persian,32,"Play Rough"
Persian,35,"Taunt"
Persian,38,"Last Resort"
Meowth-Alola,1,"Fake Out"
Meowth-Alola,1,"Scratch"
Meowth-Alola,1,"Bite"
Meowth-Alola,16,"Screech"
Meowth-Alola,18,"Payback"
Meowth-Alola,20,"Charm"
Meowth-Alola,22,"Snarl"
Meowth-Alola,25,"Night Slash"
Meowth-Alola,30,"Dark Pulse"
Meowth-Alola,32,"Taunt"
Meowth-Alola,35,"Last Resort"
Meowth-Alola,38,"Foul Play"
Persian-Alola,1,"Fake Out"
Persian-Alola,1,"Scratch"
Persian-Alola,1,"Bite"
Persian-Alola,20,"Screech"
Persian-Alola,22,"Payback"
Persian-Alola,24,"Charm"
Persian-Alola,26,"Snarl"
Persian-Alola,30,"Night Slash"
Persian-Alola,34,"Dark Pulse"
Persian-Alola,36,"Taunt"
Persian-Alola,38,"Last Resort"
Persian-Alola,42,"Foul Play"
Mankey,1,"Leer"
Mankey,1,"Scratch"
Mankey,1,"Low Kick"
Mankey,5,"Focus Energy"
Mankey,9,"Fury Swipes"
Mankey,13,"Karate Chop"
Mankey,17,"Seismic Toss"
Mankey,21,"Swagger"
Mankey,25,"Brick Break"
Mankey,29,"Assurance"
Mankey,33,"Drain Punch"
Mankey,37,"Thrash"
Mankey,43,"Cross Chop"
Mankey,48,"Final Gambit"
Primeape,1,"Coaching"
Primeape,5,"Scratch"
Primeape,5,"Low Kick"
Primeape,5,"Focus Energy"
Primeape,5,"Fury Swipes"
Primeape,21,"Karate Chop"
Primeape,24,"Seismic Toss"
Primeape,28,"Rock Tomb"
Primeape,32,"Drain Punch"
Primeape,35,"Stomping Tantrum"
Primeape,42,"Knock Off"
Primeape,48,"Outrage"
Primeape,54,"Cross Chop"
Primeape,56,"Final Gambit"
Poliwag,1,"Water Gun"
Poliwag,1,"Hypnosis"
Poliwag,1,"Pound"
Poliwag,9,"Mud Shot"
Poliwag,16,"Bubble Beam"
Poliwag,20,"Body Slam"
Poliwag,28,"Earth Power"
Poliwag,28,"Surf"
Poliwag,35,"Hydro Pump"
Poliwag,42,"Double-Edge"
Poliwhirl,1,"Water Gun"
Poliwhirl,1,"Hypnosis"
Poliwhirl,1,"Pound"
Poliwhirl,12,"Mud Shot"
Poliwhirl,18,"Bubble Beam"
Poliwhirl,23,"Body Slam"
Poliwhirl,32,"Earth Power"
Poliwhirl,32,"Surf"
Poliwhirl,38,"Hydro Pump"
Poliwhirl,44,"Double-Edge"
Poliwrath,1,"Flip Turn"
Poliwrath,1,"Focus Punch"
Poliwrath,5,"Hypnosis"
Poliwrath,5,"Mud Shot"
Poliwrath,5,"Bubble Beam"
Poliwrath,5,"Body Slam"
Poliwrath,32,"Brick Break"
Poliwrath,32,"Surf"
Poliwrath,38,"Hydro Pump"
Poliwrath,42,"Double-Edge"
Poliwrath,48,"Liquidation"
Poliwrath,54,"Drain Punch"
Poliwrath,58,"Storm Throw"
Poliwrath,66,"Close Combat"
Poliwrath,70,"Coaching"
Poliwrath,90,"Surging Strikes"
Machop,1,"Low Kick"
Machop,1,"Revenge"
Machop,1,"Leer"
Machop,15,"Low Sweep"
Machop,17,"Vital Throw"
Machop,21,"Assurance"
Machop,24,"Facade"
Machop,26,"Dual Chop"
Machop,28,"Knock Off"
Machop,30,"Brick Break"
Machop,40,"Cross Chop"
Machop,45,"Dynamic Punch"
Machoke,1,"Low Kick"
Machoke,1,"Revenge"
Machoke,1,"Leer"
Machoke,18,"Low Sweep"
Machoke,21,"Vital Throw"
Machoke,25,"Assurance"
Machoke,28,"Facade"
Machoke,28,"Dual Chop"
Machoke,32,"Knock Off"
Machoke,32,"Brick Break"
Machoke,44,"Cross Chop"
Machoke,50,"Dynamic Punch"
Machamp,1,"Wide Guard"
Machamp,1,"Bullet Punch"
Machamp,5,"Low Sweep"
Machamp,5,"Vital Throw"
Machamp,5,"Assurance"
Machamp,5,"Facade"
Machamp,28,"Dual Chop"
Machamp,30,"Knock Off"
Machamp,40,"Mach Punch"
Machamp,42,"Drain Punch"
Machamp,48,"Cross Chop"
Machamp,55,"Dynamic Punch"
Machamp,66,"Close Combat"
Machamp,76,"Coaching"
Geodude,1,"Tackle"
Geodude,1,"Defense Curl"
Geodude,4,"Rock Throw"
Geodude,16,"Bulldoze"
Geodude,20,"Smack Down"
Geodude,24,"Stomping Tantrum"
Geodude,26,"Self-Destruct"
Geodude,28,"Rock Blast"
Geodude,32,"Rock Slide"
Geodude,34,"Earthquake"
Geodude,34,"Earthquake"
Geodude,35,"Rapid Spin"
Geodude,36,"Explosion"
Geodude,42,"Stone Edge"
Graveler,1,"Tackle"
Graveler,1,"Defense Curl"
Graveler,4,"Rock Throw"
Graveler,21,"Bulldoze"
Graveler,26,"Smack Down"
Graveler,28,"Stomping Tantrum"
Graveler,30,"Self-Destruct"
Graveler,32,"Rock Blast"
Graveler,35,"Rapid Spin"
Graveler,36,"Rock Slide"
Graveler,40,"Earthquake"
Graveler,44,"Explosion"
Graveler,48,"Stone Edge"
Golem,1,"Tackle"
Golem,1,"Defense Curl"
Golem,4,"Rock Throw"
Golem,24,"Bulldoze"
Golem,30,"Smack Down"
Golem,32,"Stomping Tantrum"
Golem,34,"Self-Destruct"
Golem,36,"Rock Blast"
Golem,38,"Rapid Spin"
Golem,40,"Rock Slide"
Golem,40,"Earthquake"
Golem,48,"Explosion"
Golem,52,"Stone Edge"
Ponyta-Galar,1,"Tackle"
Ponyta-Galar,1,"Growl"
Ponyta-Galar,1,"Tail Whip"
Ponyta-Galar,10,"Confusion"
Ponyta-Galar,15,"Fairy Wind"
Ponyta-Galar,22,"Psybeam"
Ponyta-Galar,22,"Covet"
Ponyta-Galar,25,"Stomp"
Ponyta-Galar,28,"Take Down"
Ponyta-Galar,32,"Dazzling Gleam"
Ponyta-Galar,40,"Zen Headbutt"
Ponyta-Galar,40,"Play Rough"
Ponyta-Galar,44,"Healing Wish"
Rapidash-Galar,1,"Wild Charge"
Rapidash-Galar,1,"Megahorn"
Rapidash-Galar,1,"Expanding Force"
Rapidash-Galar,15,"Confusion"
Rapidash-Galar,18,"Fairy Wind"
Rapidash-Galar,25,"Psybeam"
Rapidash-Galar,28,"Covet"
Rapidash-Galar,30,"Stomp"
Rapidash-Galar,35,"High Horsepower"
Rapidash-Galar,42,"Psycho Cut"
Rapidash-Galar,42,"Play Rough"
Rapidash-Galar,44,"Future Sight"
Rapidash-Galar,50,"Healing Wish"
Slowpoke-Galar,1,"Tackle"
Slowpoke-Galar,1,"Growl"
Slowpoke-Galar,1,"Acid"
Slowpoke-Galar,9,"Yawn"
Slowpoke-Galar,12,"Confusion"
Slowpoke-Galar,15,"Disable"
Slowpoke-Galar,18,"Water Pulse"
Slowpoke-Galar,21,"Headbutt"
Slowpoke-Galar,25,"Zen Headbutt"
Slowpoke-Galar,30,"Surf"
Slowpoke-Galar,36,"Psychic"
Slowpoke-Galar,38,"Sludge Bomb"
Slowpoke-Galar,40,"Slack Off"
Slowpoke-Galar,45,"Future Sight"
Slowbro-Galar,1,"Skill Swap"
Slowbro-Galar,1,"Liquidation"
Slowbro-Galar,1,"Drain Punch"
Slowbro-Galar,5,"Yawn"
Slowbro-Galar,5,"Confusion"
Slowbro-Galar,5,"Disable"
Slowbro-Galar,5,"Water Pulse"
Slowbro-Galar,21,"Headbutt"
Slowbro-Galar,37,"Zen Headbutt"
Slowbro-Galar,38,"Psychic"
Slowbro-Galar,38,"Shell Side Arm"
Slowbro-Galar,45,"Surf"
Slowbro-Galar,50,"Heal Pulse"
Slowbro-Galar,60,"Slack Off"
Slowbro-Galar,65,"Future Sight"
Slowking-Galar,1,"Skill Swap"
Slowking-Galar,1,"Acid Spray"
Slowking-Galar,1,"Sludge Wave"
Slowking-Galar,5,"Yawn"
Slowking-Galar,5,"Confusion"
Slowking-Galar,5,"Disable"
Slowking-Galar,5,"Water Pulse"
Slowking-Galar,28,"Headbutt"
Slowking-Galar,30,"Zen Headbutt"
Slowking-Galar,38,"Eerie Spell"
Slowking-Galar,38,"Sludge Bomb"
Slowking-Galar,45,"Surf"
Slowking-Galar,50,"Heal Pulse"
Slowking-Galar,60,"Slack Off"
Slowking-Galar,65,"Future Sight"
Farfetch’d,1,"Peck"
Farfetch’d,1,"Sand Attack"
Farfetch’d,5,"Leer"
Farfetch’d,10,"Fury Cutter"
Farfetch’d,17,"Aerial Ace"
Farfetch’d,21,"Air Cutter"
Farfetch’d,25,"Knock Off"
Farfetch’d,28,"Slash"
Farfetch’d,30,"Detect"
Farfetch’d,32,"Leaf Blade"
Farfetch’d,35,"Brave Bird"
Farfetch’d,38,"Defog"
Doduo,1,"Peck"
Doduo,1,"Growl"
Doduo,1,"Fury Attack"
Doduo,10,"Quick Attack"
Doduo,14,"Pluck"
Doduo,19,"Double Hit"
Doduo,25,"Body Slam"
Doduo,28,"Aerial Ace"
Doduo,31,"Drill Peck"
Doduo,35,"Dual Wingbeat"
Doduo,38,"Thrash"
Doduo,40,"Double-Edge"
Dodrio,1,"Acrobatics"
Dodrio,1,"Facade"
Dodrio,1,"Drill Run"
Dodrio,5,"Quick Attack"
Dodrio,5,"Pluck"
Dodrio,5,"Double Hit"
Dodrio,5,"Body Slam"
Dodrio,28,"Aerial Ace"
Dodrio,31,"Drill Peck"
Dodrio,31,"Knock Off"
Dodrio,38,"Dual Wingbeat"
Dodrio,40,"Thrash"
Dodrio,42,"Endeavor"
Dodrio,44,"Beak Blast"
Dodrio,48,"Brave Bird"
Seel,1,"Headbutt"
Seel,1,"Growl"
Seel,1,"Charm"
Seel,8,"Icy Wind"
Seel,15,"Encore"
Seel,20,"Ice Shard"
Seel,22,"Life Dew"
Seel,25,"Aurora Beam"
Seel,28,"Aqua Jet"
Seel,32,"Brine"
Seel,40,"Surf"
Seel,44,"Ice Beam"
Seel,50,"Freeze-Dry"
Dewgong,1,"Megahorn"
Dewgong,1,"Avalanche"
Dewgong,1,"Flip Turn"
Dewgong,5,"Icy Wind"
Dewgong,5,"Encore"
Dewgong,5,"Ice Shard"
Dewgong,5,"Water Pulse"
Dewgong,15,"Life Dew"
Dewgong,25,"Aurora Beam"
Dewgong,28,"Aqua Jet"
Dewgong,32,"Brine"
Dewgong,32,"Aqua Tail"
Dewgong,38,"Surf"
Dewgong,48,"Ice Beam"
Dewgong,60,"Freeze-Dry"
Grimer,1,"Pound"
Grimer,1,"Poison Gas"
Grimer,1,"Sludge"
Grimer,9,"Disable"
Grimer,15,"Mud Shot"
Grimer,21,"Sludge Bomb"
Grimer,25,"Poison Jab"
Grimer,28,"Rapid Spin"
Grimer,32,"Toxic"
Grimer,36,"Screech"
Grimer,38,"Belch"
Grimer,42,"Gunk Shot"
Muk,1,"Bite"
Muk,1,"Mud-Slap"
Muk,4,"Poison Gas"
Muk,7,"Sludge"
Muk,12,"Disable"
Muk,15,"Mud Bomb"
Muk,18,"Sludge Bomb"
Muk,21,"Thief"
Muk,26,"Rapid Spin"
Muk,29,"Toxic"
Muk,32,"Poison Jab"
Muk,38,"Drain Punch"
Muk,42,"Payback"
Muk,46,"Earthquake"
Muk,50,"Gunk Shot"
Muk,54,"Knock Off"
Muk,60,"Explosion"
Voltorb,1,"Thunder Shock"
Voltorb,1,"Eerie Impulse"
Voltorb,1,"Spark"
Voltorb,9,"Rollout"
Voltorb,16,"Shock Wave"
Voltorb,20,"Swift"
Voltorb,22,"Electro Ball"
Voltorb,26,"Self-Destruct"
Voltorb,32,"Discharge"
Voltorb,40,"Explosion"
Voltorb,42,"Mirror Coat"
Voltorb,45,"Thunderbolt"
Voltorb,50,"Volt Switch"
Electrode,1,"Endure"
Electrode,1,"Wild Charge"
Electrode,5,"Metal Sound"
Electrode,5,"Rollout"
Electrode,5,"Shock Wave"
Electrode,5,"Swift"
Electrode,30,"Electro Ball"
Electrode,32,"Self-Destruct"
Electrode,35,"Discharge"
Electrode,42,"Explosion"
Electrode,45,"Mirror Coat"
Electrode,48,"Thunderbolt"
Electrode,55,"Volt Switch"
Cubone,1,"Mud-Slap"
Cubone,1,"Growl"
Cubone,1,"Tail Whip"
Cubone,9,"Headbutt"
Cubone,12,"Bite"
Cubone,12,"Rapid Spin"
Cubone,16,"Bulldoze"
Cubone,20,"Endeavor"
Cubone,25,"Bone Rush"
Cubone,36,"Stomping Tantrum"
Cubone,38,"Bonemerang"
Cubone,44,"Earthquake"
Cubone,48,"Double-Edge"
Marowak,1,"Focus Punch"
Marowak,1,"Iron Tail"
Marowak,1,"Giga Impact"
Marowak,5,"Headbutt"
Marowak,5,"Rapid Spin"
Marowak,5,"Bite"
Marowak,5,"Bulldoze"
Marowak,25,"Endeavor"
Marowak,30,"Bone Rush"
Marowak,38,"Stomping Tantrum"
Marowak,42,"Bonemerang"
Marowak,48,"Rock Slide"
Marowak,52,"Earthquake"
Marowak,55,"Double-Edge"
Marowak-Alola,1,"Focus Punch"
Marowak-Alola,1,"Iron Tail"
Marowak-Alola,1,"Giga Impact"
Marowak-Alola,5,"Headbutt"
Marowak-Alola,5,"Rapid Spin"
Marowak-Alola,5,"Bite"
Marowak-Alola,5,"Bulldoze"
Marowak-Alola,25,"Endeavor"
Marowak-Alola,30,"Bone Rush"
Marowak-Alola,38,"Stomping Tantrum"
Marowak-Alola,42,"Flame Wheel"
Marowak-Alola,42,"Bonemerang"
Marowak-Alola,42,"Shadow Bone"
Marowak-Alola,48,"Will-O-Wisp"
Marowak-Alola,52,"Earthquake"
Marowak-Alola,55,"Flare Blitz"
Lickitung,1,"Rollout"
Lickitung,1,"Lick"
Lickitung,1,"Supersonic"
Lickitung,12,"Stomp"
Lickitung,18,"Disable"
Lickitung,24,"Zen Headbutt"
Lickitung,30,"Knock Off"
Lickitung,30,"Rollout"
Lickitung,30,"Rapid Spin"
Lickitung,35,"Screech"
Lickitung,38,"Body Slam"
Lickitung,42,"Power Whip"
Lickitung,46,"Double-Edge"
Lickitung,62,"Explosion"
Tangela,1,"Absorb"
Tangela,1,"Wrap"
Tangela,1,"Sleep Powder"
Tangela,12,"Mega Drain"
Tangela,16,"Vine Whip"
Tangela,20,"Toxic"
Tangela,26,"Ancient Power"
Tangela,28,"Knock Off"
Tangela,32,"Seed Bomb"
Tangela,36,"Giga Drain"
Tangela,40,"Power Whip"
Goldeen,1,"Peck"
Goldeen,1,"Tail Whip"
Goldeen,1,"Supersonic"
Goldeen,12,"Water Pulse"
Goldeen,15,"Horn Attack"
Goldeen,21,"Life Dew"
Goldeen,25,"Body Slam"
Goldeen,25,"Dive"
Goldeen,30,"Waterfall"
Goldeen,35,"Megahorn"
Goldeen,38,"Soak"
Goldeen,50,"Fishous Rend"
Seaking,1,"Flip Turn"
Seaking,1,"Drill Run"
Seaking,5,"Water Pulse"
Seaking,5,"Horn Attack"
Seaking,5,"Life Dew"
Seaking,5,"Body Slam"
Seaking,32,"Waterfall"
Seaking,38,"Megahorn"
Seaking,42,"Liquidation"
Seaking,42,"Soak"
Seaking,56,"Fishous Rend"
Seaking,60,"Flip Turn"
Mr. Mime,1,"Role Play"
Mr. Mime,1,"Fake Out"
Mr. Mime,1,"Wide Guard"
Mr. Mime,5,"Pound"
Mr. Mime,5,"Confusion"
Mr. Mime,5,"Fairy Wind"
Mr. Mime,5,"Recycle"
Mr. Mime,20,"Protect"
Mr. Mime,26,"Psybeam"
Mr. Mime,32,"Light Screen"
Mr. Mime,32,"Reflect"
Mr. Mime,35,"Sucker Punch"
Mr. Mime,35,"Draining Kiss"
Mr. Mime,38,"Dazzling Gleam"
Mr. Mime,38,"Psychic"
Mr. Mime,44,"Encore"
Mr. Mime-Galar,1,"Role Play"
Mr. Mime-Galar,1,"Quick Guard"
Mr. Mime-Galar,1,"Ally Switch"
Mr. Mime-Galar,1,"Quick Guard"
Mr. Mime-Galar,5,"Ice Shard"
Mr. Mime-Galar,5,"Rapid Spin"
Mr. Mime-Galar,12,"Confusion"
Mr. Mime-Galar,18,"Icy Wind"
Mr. Mime-Galar,20,"Protect"
Mr. Mime-Galar,26,"Psybeam"
Mr. Mime-Galar,32,"Light Screen"
Mr. Mime-Galar,32,"Reflect"
Mr. Mime-Galar,35,"Mirror Coat"
Mr. Mime-Galar,38,"Dazzling Gleam"
Mr. Mime-Galar,38,"Freeze-Dry"
Mr. Mime-Galar,42,"Psychic"
Mr. Mime-Galar,44,"Encore"
Lapras,1,"Body Press"
Lapras,5,"Water Gun"
Lapras,5,"Sing"
Lapras,5,"Life Dew"
Lapras,5,"Ice Shard"
Lapras,26,"Water Pulse"
Lapras,28,"Brine"
Lapras,30,"Body Slam"
Lapras,32,"Rapid Spin"
Lapras,35,"Surf"
Lapras,42,"Frost Breath"
Lapras,55,"Perish Song"
Lapras,55,"Ice Beam"
Lapras,55,"Hydro Pump"
Lapras,64,"Freeze-Dry"
Eevee,1,"Helping Hand"
Eevee,1,"Tackle"
Eevee,1,"Growl"
Eevee,5,"Quick Attack"
Eevee,15,"Bite"
Eevee,20,"Swift"
Eevee,24,"Take Down"
Eevee,28,"Return"
Eevee,31,"Double-Edge"
Eevee,36,"Last Resort"
Eevee,42,"Wish"
Vaporeon,1,"Flip Turn"
Vaporeon,1,"Hydro Pump"
Vaporeon,5,"Quick Attack"
Vaporeon,5,"Baby-Doll Eyes"
Vaporeon,5,"Swift"
Vaporeon,5,"Water Pulse"
Vaporeon,32,"Aurora Beam"
Vaporeon,34,"Life Dew"
Vaporeon,36,"Muddy Water"
Vaporeon,40,"Surf"
Vaporeon,44,"Yawn"
Vaporeon,50,"Wish"
Jolteon,1,"Volt Switch"
Jolteon,1,"Shadow Ball"
Jolteon,5,"Quick Attack"
Jolteon,5,"Baby-Doll Eyes"
Jolteon,5,"Swift"
Jolteon,5,"Shock Wave"
Jolteon,32,"Pin Missile"
Jolteon,34,"Thunder Fang"
Jolteon,36,"Discharge"
Jolteon,40,"Thunderbolt"
Jolteon,44,"Electro Ball"
Jolteon,50,"Thunder"
Flareon,1,"Flame Charge"
Flareon,1,"Burn Up"
Flareon,5,"Quick Attack"
Flareon,5,"Baby-Doll Eyes"
Flareon,5,"Swift"
Flareon,5,"Flame Wheel"
Flareon,32,"Bite"
Flareon,34,"Fire Fang"
Flareon,36,"Flamethrower"
Flareon,44,"Facade"
Flareon,50,"Flare Blitz"
Snorlax,1,"Last Resort"
Snorlax,1,"Fling"
Snorlax,1,"Screech"
Snorlax,5,"Tackle"
Snorlax,5,"Yawn"
Snorlax,5,"Bite"
Snorlax,5,"Body Slam"
Snorlax,35,"Crunch"
Snorlax,40,"Heavy Slam"
Snorlax,42,"High Horsepower"
Snorlax,48,"Hammer Arm"
Snorlax,54,"Double-Edge"
Snorlax,62,"Giga Impact"
Articuno,1,"Ice Burn"
Articuno,5,"Icy Wind"
Articuno,5,"Ice Shard"
Articuno,5,"Ancient Power"
Articuno,5,"Tailwind"
Articuno,30,"Air Slash"
Articuno,35,"Freeze-Dry"
Articuno,40,"Roost"
Articuno,45,"Ice Beam"
Articuno,50,"Hurricane"
Articuno,55,"Blizzard"
Articuno,60,"Brave Bird"
Articuno-Galar,1,"Psycho Boost"
Articuno-Galar,5,"Confusion"
Articuno-Galar,5,"Ice Shard"
Articuno-Galar,5,"Ancient Power"
Articuno-Galar,5,"Tailwind"
Articuno-Galar,30,"Psycho Cut"
Articuno-Galar,35,"Recover"
Articuno-Galar,40,"Freezing Glare"
Articuno-Galar,45,"Air Slash"
Articuno-Galar,50,"Hurricane"
Articuno-Galar,55,"Future Sight"
Articuno-Galar,60,"Brave Bird"
Zapdos,1,"Bolt Beak"
Zapdos,5,"Shock Wave"
Zapdos,5,"Thunder Wave"
Zapdos,5,"Pluck"
Zapdos,5,"Ancient Power"
Zapdos,30,"Discharge"
Zapdos,35,"Drill Peck"
Zapdos,40,"Roost"
Zapdos,45,"Dual Wingbeat"
Zapdos,50,"Thunderbolt"
Zapdos,55,"Detect"
Zapdos,60,"Brave Bird"
Zapdos,65,"Thunder"
Zapdos,70,"Volt Switch"
Zapdos-Galar,1,"Beak Blast"
Zapdos-Galar,5,"Rock Smash"
Zapdos-Galar,5,"Focus Energy"
Zapdos-Galar,5,"Pluck"
Zapdos-Galar,5,"Ancient Power"
Zapdos-Galar,30,"Brick Break"
Zapdos-Galar,35,"Drill Peck"
Zapdos-Galar,40,"Dual Wingbeat"
Zapdos-Galar,45,"Thunderous Kick"
Zapdos-Galar,50,"Detect"
Zapdos-Galar,55,"Brave Bird"
Zapdos-Galar,60,"Reversal"
Zapdos-Galar,60,"Acrobatics"
Zapdos-Galar,70,"Close Combat"
Moltres,1,"Eruption"
Moltres,5,"Incinerate"
Moltres,5,"Roar"
Moltres,5,"Air Cutter"
Moltres,5,"Ancient Power"
Moltres,30,"Flame Charge"
Moltres,35,"Will-O-Wisp"
Moltres,40,"Roost"
Moltres,45,"Air Slash"
Moltres,50,"Flamethrower"
Moltres,55,"Heat Wave"
Moltres,60,"Hurricane"
Moltres,65,"Overheat"
Moltres,70,"Burn Up"
Moltres-Galar,1,"Parting Shot"
Moltres-Galar,5,"Payback"
Moltres-Galar,5,"After You"
Moltres-Galar,5,"Pluck"
Moltres-Galar,5,"Ancient Power"
Moltres-Galar,30,"Sucker Punch"
Moltres-Galar,35,"Air Slash"
Moltres-Galar,40,"Foul Play"
Moltres-Galar,45,"Dark Pulse"
Moltres-Galar,50,"Hurricane"
Moltres-Galar,55,"Endure"
Moltres-Galar,60,"Fiery Wrath"
Moltres-Galar,65,"Aeroblast"
Sentret,1,"Scratch"
Sentret,1,"Quick Attack"
Sentret,1,"Growl"
Sentret,9,"Covet"
Sentret,12,"Headbutt"
Sentret,16,"Helping Hand"
Sentret,23,"Follow Me"
Sentret,28,"Facade"
Sentret,31,"Sucker Punch"
Sentret,35,"Double-Edge"
Sentret,38,"Last Resort"
Furret,1,"Coil"
Furret,5,"Covet"
Furret,5,"Growl"
Furret,5,"Headbutt"
Furret,5,"Quick Attack"
Furret,20,"Thunder Punch"
Furret,20,"Fire Punch"
Furret,20,"Ice Punch"
Furret,25,"Body Slam"
Furret,25,"Helping Hand"
Furret,32,"Follow Me"
Furret,35,"Facade"
Furret,35,"Sucker Punch"
Furret,38,"Double-Edge"
Furret,42,"Last Resort"
Hoothoot,1,"Peck"
Hoothoot,1,"Hypnosis"
Hoothoot,1,"Disarming Voice"
Hoothoot,12,"Echoed Voice"
Hoothoot,15,"Confusion"
Hoothoot,15,"Swift"
Hoothoot,20,"Air Cutter"
Hoothoot,24,"Uproar"
Hoothoot,26,"Air Slash"
Hoothoot,26,"Roost"
Hoothoot,30,"Defog"
Hoothoot,32,"Dream Eater"
Noctowl,1,"Hurricane"
Noctowl,1,"Psychic"
Noctowl,1,"Hyper Beam"
Noctowl,5,"Swift"
Noctowl,5,"Echoed Voice"
Noctowl,5,"Confusion"
Noctowl,5,"Air Cutter"
Noctowl,20,"Feather Dance"
Noctowl,22,"Acrobatics"
Noctowl,25,"Uproar"
Noctowl,32,"Air Slash"
Noctowl,32,"Roost"
Noctowl,38,"Defog"
Noctowl,40,"Tailwind"
Spinarak,1,"Poison Sting"
Spinarak,1,"Absorb"
Spinarak,1,"String Shot"
Spinarak,12,"Bug Bite"
Spinarak,15,"Pin Missile"
Spinarak,17,"Shadow Sneak"
Spinarak,20,"Poison Fang"
Spinarak,22,"Sucker Punch"
Spinarak,32,"Leech Life"
Spinarak,32,"Poison Jab"
Spinarak,48,"Sticky Web"
Ariados,1,"Fell Stinger"
Ariados,1,"Skitter Smack"
Ariados,1,"U-turn"
Ariados,5,"Bug Bite"
Ariados,5,"Fury Attack"
Ariados,5,"Poison Sting"
Ariados,5,"Pin Missile"
Ariados,22,"Cross Poison"
Ariados,22,"Sucker Punch"
Ariados,25,"Toxic"
Ariados,28,"Endure"
Ariados,32,"Leech Life"
Ariados,32,"Poison Jab"
Ariados,35,"Lunge"
Ariados,42,"Megahorn"
Ariados,74,"Sticky Web"
Bellossom,1,"Strength Sap"
Bellossom,5,"Acid"
Bellossom,5,"Sleep Powder"
Bellossom,5,"Mega Drain"
Bellossom,5,"Venoshock"
Bellossom,28,"Magical Leaf"
Bellossom,30,"Toxic"
Bellossom,32,"Giga Drain"
Bellossom,32,"Energy Ball"
Bellossom,37,"Moonblast"
Bellossom,40,"Moonlight"
Bellossom,45,"Petal Dance"
Bellossom,54,"Leaf Storm"
Sudowoodo,1,"Stone Edge"
Sudowoodo,1,"Hammer Arm"
Sudowoodo,1,"Wood Hammer"
Sudowoodo,5,"Block"
Sudowoodo,5,"Rock Throw"
Sudowoodo,5,"Rock Smash"
Sudowoodo,5,"Mimic"
Sudowoodo,22,"Rock Tomb"
Sudowoodo,25,"Sucker Punch"
Sudowoodo,28,"Low Kick"
Sudowoodo,32,"Rock Slide"
Sudowoodo,35,"Double-Edge"
Sudowoodo,42,"Head Smash"
Politoed,1,"Flip Turn"
Politoed,1,"Encore"
Politoed,5,"Hypnosis"
Politoed,5,"Mud Shot"
Politoed,5,"Bubble Beam"
Politoed,5,"Body Slam"
Politoed,32,"Earth Power"
Politoed,32,"Surf"
Politoed,38,"Hydro Pump"
Politoed,38,"Hyper Voice"
Politoed,42,"Rapid Spin"
Politoed,45,"Perish Song"
Politoed,78,"Water Spout"
Hoppip,1,"Splash"
Hoppip,1,"Absorb"
Hoppip,1,"Fairy Wind"
Hoppip,5,"Sleep Powder"
Hoppip,12,"Bullet Seed"
Hoppip,15,"Synthesis"
Hoppip,20,"Mega Drain"
Hoppip,25,"Acrobatics"
Hoppip,30,"U-Turn"
Hoppip,35,"Giga Drain"
Hoppip,35,"Encore"
Skiploom,1,"Splash"
Skiploom,1,"Absorb"
Skiploom,1,"Fairy Wind"
Skiploom,5,"Sleep Powder"
Skiploom,12,"Bullet Seed"
Skiploom,15,"Synthesis"
Skiploom,20,"Mega Drain"
Skiploom,33,"Acrobatics"
Skiploom,35,"U-Turn"
Skiploom,35,"Giga Drain"
Skiploom,35,"Encore"
Jumpluff,1,"Strength Sap"
Jumpluff,5,"Sleep Powder"
Jumpluff,5,"Bullet Seed"
Jumpluff,5,"Synthesis"
Jumpluff,5,"Magical Leaf"
Jumpluff,32,"Acrobatics"
Jumpluff,38,"U-Turn"
Jumpluff,42,"Giga Drain"
Jumpluff,42,"Defog"
Jumpluff,45,"Encore"
Jumpluff,55,"Leaf Storm"
Sunkern,1,"Absorb"
Sunkern,1,"Mega Drain"
Sunkern,1,"Razor Leaf"
Sunkern,1,"Worry Seed"
Sunkern,20,"Synthesis"
Sunflora,1,"Petal Dance"
Sunflora,1,"Solar Beam"
Sunflora,17,"Bullet Seed"
Sunflora,17,"Magical Leaf"
Sunflora,17,"Sludge"
Sunflora,17,"Body Slam"
Sunflora,25,"Double-Edge"
Sunflora,32,"Seed Bomb"
Sunflora,35,"Giga Drain"
Sunflora,42,"Energy Ball"
Sunflora,48,"Leaf Storm"
Sunflora,48,"Synthesis"
Wooper,1,"Water Gun"
Wooper,1,"Mud-Slap"
Wooper,1,"Tail Whip"
Wooper,12,"Mud Shot"
Wooper,17,"Water Pulse"
Wooper,21,"Yawn"
Wooper,25,"Aqua Tail"
Wooper,28,"Muddy Water"
Wooper,30,"Toxic"
Wooper,34,"Liquidation"
Wooper,34,"Earthquake"
Quagsire,5,"Water Gun"
Quagsire,5,"Mud-Slap"
Quagsire,5,"Tail Whip"
Quagsire,5,"Mud Shot"
Quagsire,17,"Water Pulse"
Quagsire,24,"Yawn"
Quagsire,28,"Aqua Tail"
Quagsire,30,"Muddy Water"
Quagsire,32,"Toxic"
Quagsire,36,"Liquidation"
Quagsire,36,"Stomping Tantrum"
Quagsire,38,"Recover"
Quagsire,40,"Drain Punch"
Quagsire,42,"Rapid Spin"
Quagsire,46,"Earthquake"
Espeon,1,"Skill Swap"
Espeon,1,"Expanding Force"
Espeon,5,"Quick Attack"
Espeon,5,"Swift"
Espeon,5,"Confusion"
Espeon,5,"Draining Kiss"
Espeon,35,"Psyshock"
Espeon,35,"Dazzling Gleam"
Espeon,40,"Psychic"
Espeon,44,"Morning Sun"
Espeon,50,"Future Sight"
Umbreon,1,"Throat Chop"
Umbreon,1,"Protect"
Umbreon,5,"Quick Attack"
Umbreon,5,"Baby-Doll Eyes"
Umbreon,5,"Swift"
Umbreon,5,"Bite"
Umbreon,35,"Snarl"
Umbreon,35,"Sucker Punch"
Umbreon,35,"Confuse Ray"
Umbreon,38,"Toxic"
Umbreon,42,"Dark Pulse"
Umbreon,48,"Moonlight"
Umbreon,54,"Foul Play"
Misdreavus,1,"Growl"
Misdreavus,1,"Confusion"
Misdreavus,1,"Astonish"
Misdreavus,12,"Confuse Ray"
Misdreavus,22,"Hex"
Misdreavus,28,"Psybeam"
Misdreavus,32,"Pain Split"
Misdreavus,38,"Will-O-Wisp"
Misdreavus,42,"Shadow Ball"
Misdreavus,48,"Dazzling Gleam"
Misdreavus,52,"Perish Song"
Girafarig,1,"Skill Swap"
Girafarig,1,"Power Swap"
Girafarig,1,"Guard Swap"
Girafarig,5,"Tackle"
Girafarig,5,"Growl"
Girafarig,5,"Confusion"
Girafarig,5,"Stomp"
Girafarig,16,"Psybeam"
Girafarig,25,"Body Slam"
Girafarig,30,"Zen Headbutt"
Girafarig,34,"Crunch"
Girafarig,38,"Psychic"
Girafarig,43,"Future Sight"
Pineco,1,"Tackle"
Pineco,1,"Protect"
Pineco,1,"Bug Bite"
Pineco,9,"Take Down"
Pineco,12,"Rapid Spin"
Pineco,20,"Rollout"
Pineco,25,"Payback"
Pineco,32,"Explosion"
Pineco,35,"Gyro Ball"
Pineco,42,"Double-Edge"
Forretress,1,"Zap Cannon"
Forretress,1,"Volt Switch"
Forretress,5,"Bug Bite"
Forretress,5,"Take Down"
Forretress,5,"Rapid Spin"
Forretress,5,"Rollout"
Forretress,31,"Heavy Slam"
Forretress,35,"Self-Destruct"
Forretress,35,"Flash Cannon"
Forretress,35,"Bug Buzz"
Forretress,38,"Gyro Ball"
Forretress,42,"Double-Edge"
Forretress,42,"Lunge"
Forretress,54,"Explosion"
Dunsparce,1,"Roar"
Dunsparce,5,"Tail Whip"
Dunsparce,5,"Mud-Slap"
Dunsparce,5,"Rollout"
Dunsparce,5,"Glare"
Dunsparce,20,"Ancient Power"
Dunsparce,22,"Headbutt"
Dunsparce,25,"Drill Run"
Dunsparce,32,"Yawn"
Dunsparce,32,"Body Slam"
Dunsparce,36,"Roost"
Dunsparce,40,"Dragon Tail"
Dunsparce,42,"Rapid Spin"
Dunsparce,45,"Double-Edge"
Shuckle,1,"Wrap"
Shuckle,1,"Rollout"
Shuckle,1,"Struggle Bug"
Shuckle,17,"Rock Throw"
Shuckle,21,"Bug Bite"
Shuckle,25,"Rock Tomb"
Shuckle,32,"Rock Slide"
Shuckle,35,"Earthquake"
Shuckle,42,"Rapid Spin"
Shuckle,69,"Sticky Web"
Slugma,1,"Ember"
Slugma,1,"Rock Throw"
Slugma,1,"Smog"
Slugma,17,"Clear Smog"
Slugma,21,"Incinerate"
Slugma,25,"Ancient Power"
Slugma,29,"Rock Slide"
Slugma,32,"Lava Plume"
Slugma,32,"Recover"
Slugma,36,"Rapid Spin"
Slugma,39,"Flamethrower"
Slugma,39,"Earth Power"
Slugma,50,"Overheat"
Magcargo,1,"Burn Up"
Magcargo,5,"Clear Smog"
Magcargo,5,"Incinerate"
Magcargo,5,"Ancient Power"
Magcargo,5,"Flame Wheel"
Magcargo,29,"Rock Slide"
Magcargo,36,"Lava Plume"
Magcargo,36,"Recover"
Magcargo,38,"Power Gem"
Magcargo,40,"Rapid Spin"
Magcargo,42,"Flamethrower"
Magcargo,42,"Earth Power"
Magcargo,55,"Overheat"
Corsola,1,"Tackle"
Corsola,1,"Water Gun"
Corsola,1,"Endure"
Corsola,10,"Ancient Power"
Corsola,21,"Bubble Beam"
Corsola,25,"Rock Tomb"
Corsola,26,"Earth Power"
Corsola,32,"Life Dew"
Corsola,32,"Power Gem"
Corsola,38,"Recover"
Corsola,42,"Mirror Coat"
Corsola,42,"Rapid Spin"
Corsola-Galar,1,"Strength Sap"
Corsola-Galar,25,"Ancient Power"
Corsola-Galar,30,"Hex"
Corsola-Galar,35,"Disable"
Corsola-Galar,40,"Curse"
Corsola-Galar,42,"Will-O-Wisp"
Corsola-Galar,44,"Power Gem"
Corsola-Galar,48,"Recover"
Corsola-Galar,50,"Rapid Spin"
Corsola-Galar,52,"Mirror Coat"
Corsola-Galar,56,"Shadow Ball"
Delibird,1,"Fake Out"
Delibird,1,"Ice Shard"
Delibird,1,"Icy Wind"
Delibird,1,"Air Cutter"
Delibird,25,"Drill Peck"
Delibird,28,"Aurora Beam"
Delibird,32,"Dual Wingbeat"
Delibird,32,"Air Slash"
Delibird,32,"Ice Beam"
Delibird,32,"Freeze-Dry"
Delibird,42,"Spikes"
Delibird,42,"Defog"
Delibird,60,"Sheer Cold"
Delibird,99,"Present"
Mantine,1,"Mirror Coat"
Mantine,1,"Tailwind"
Mantine,5,"Bubble Beam"
Mantine,5,"Air Cutter"
Mantine,5,"Headbutt"
Mantine,5,"Water Pulse"
Mantine,32,"Air Slash"
Mantine,32,"Life Dew"
Mantine,35,"Surf"
Mantine,42,"Hydro Pump"
Mantine,42,"Hurricane"
Mantine,48,"Defog"
Skarmory,1,"Protect"
Skarmory,5,"Peck"
Skarmory,5,"Steel Wing"
Skarmory,5,"Aerial Ace"
Skarmory,5,"Quick Attack"
Skarmory,25,"Drill Peck"
Skarmory,35,"Defog"
Skarmory,42,"Dual Wingbeat"
Skarmory,48,"Iron Head"
Skarmory,50,"Body Press"
Skarmory,52,"Brave Bird"
Raikou,1,"Extreme Speed"
Raikou,1,"Volt Switch"
Raikou,5,"Thunder Wave"
Raikou,5,"Thunder Fang"
Raikou,5,"Bite"
Raikou,5,"Shock Wave"
Raikou,30,"Crunch"
Raikou,35,"Extrasensory"
Raikou,40,"Discharge"
Raikou,45,"Thunderbolt"
Raikou,50,"Thunder"
Raikou,55,"Zap Cannon"
Entei,1,"Extreme Speed"
Entei,1,"Burn Up"
Entei,20,"Will-O-Wisp"
Entei,25,"Fire Fang"
Entei,20,"Incinerate"
Entei,25,"Bite"
Entei,30,"Crunch"
Entei,35,"Extrasensory"
Entei,40,"Lava Plume"
Entei,45,"Flamethrower"
Entei,50,"Sacred Fire"
Entei,55,"Flare Blitz"
Suicune,1,"Steam Eruption"
Suicune,1,"Protect"
Suicune,5,"Whirlpool"
Suicune,5,"Water Pulse"
Suicune,5,"Dive"
Suicune,5,"Bite"
Suicune,30,"Ice Fange"
Suicune,35,"Extrasensory"
Suicune,40,"Scald"
Suicune,45,"Ice Beam"
Suicune,50,"Life Dew"
Suicune,55,"Hydro Pump"
Zigzagoon,1,"Tackle"
Zigzagoon,1,"Growl"
Zigzagoon,1,"Sand Attack"
Zigzagoon,9,"Covet"
Zigzagoon,12,"Headbutt"
Zigzagoon,15,"Baby-Doll Eyes"
Zigzagoon,18,"Pin Missile"
Zigzagoon,21,"Fling"
Zigzagoon,24,"Body Slam"
Zigzagoon,28,"Knock Off"
Zigzagoon,32,"Double-Edge"
Zigzagoon,36,"Last Resort"
Linoone,1,"Giga Impact"
Linoone,1,"Hone Claws"
Linoone,5,"Covet"
Linoone,5,"Headbutt"
Linoone,5,"Baby-Doll Eyes"
Linoone,5,"Pin Missile"
Linoone,25,"Fling"
Linoone,25,"Seed Bomb"
Linoone,28,"Body Slam"
Linoone,32,"Knock Off"
Linoone,35,"Double-Edge"
Linoone,40,"Last Resort"
Linoone,50,"Extreme Speed"
Wurmple,1,"Tackle"
Wurmple,1,"String Shot"
Wurmple,1,"Poison Sting"
Wurmple,1,"Bug Bite"
Silcoon,1,"Harden"
Silcoon,7,"Harden"
Beautifly,1,"U-Turn"
Beautifly,1,"Defog"
Beautifly,5,"Tackle"
Beautifly,5,"String Shot"
Beautifly,5,"Poison Sting"
Beautifly,5,"Bug Bite"
Beautifly,10,"Gust"
Beautifly,10,"Absorb"
Beautifly,12,"Protect"
Beautifly,12,"Sleep Powder"
Beautifly,17,"Morning Sun"
Beautifly,21,"Air Cutter"
Beautifly,24,"Mega Drain"
Beautifly,26,"Leech Life"
Beautifly,32,"Giga Drain"
Beautifly,32,"Bug Buzz"
Beautifly,32,"Air Slash"
Dustox,1,"U-Turn"
Dustox,1,"Defog"
Dustox,5,"Tackle"
Dustox,5,"String Shot"
Dustox,5,"Poison Sting"
Dustox,5,"Bug Bite"
Dustox,10,"Gust"
Dustox,10,"Confusion"
Dustox,12,"Protect"
Dustox,12,"Sleep Powder"
Dustox,17,"Moonlight"
Dustox,21,"Psybeam"
Dustox,24,"Venoshock"
Dustox,26,"Leech Life"
Dustox,32,"Toxic"
Dustox,32,"Bug Buzz"
Dustox,32,"Air Slash"
Taillow,1,"Peck"
Taillow,1,"Growl"
Taillow,1,"Quick Attack"
Taillow,12,"Pluck"
Taillow,17,"Steel Wing"
Taillow,21,"Endeavor"
Taillow,28,"Dual Wingbeat"
Taillow,34,"Take Down"
Taillow,35,"Air Slash"
Taillow,40,"Brave Bird"
Swellow,1,"Boomburst"
Swellow,5,"Growl"
Swellow,5,"Quick Attack"
Swellow,5,"Pluck"
Swellow,5,"Steel Wing"
Swellow,22,"Roost"
Swellow,32,"Dual Wingbeat"
Swellow,35,"Body Slam"
Swellow,38,"Extreme Speed"
Swellow,42,"Acrobatics"
Swellow,48,"Reversal"
Swellow,54,"Beak Blast"
Swellow,54,"Brave Bird"
Wingull,1,"Growl"
Wingull,1,"Water Gun"
Wingull,1,"Quick Attack"
Wingull,9,"Supersonic"
Wingull,12,"Aerial Ace"
Wingull,17,"Water Pulse"
Wingull,21,"Air Cutter"
Wingull,28,"Air Slash"
Wingull,32,"Defog"
Wingull,32,"Protect"
Wingull,32,"Roost"
Wingull,40,"Hurricane"
Peliper,1,"U-Turn"
Peliper,1,"Brave Bird"
Peliper,5,"Supersonic"
Peliper,5,"Aerial Ace"
Peliper,5,"Water Gun"
Peliper,5,"Quick Attack"
Peliper,22,"Water Pulse"
Peliper,22,"Air Cutter"
Peliper,22,"Protect"
Peliper,32,"Air Slash"
Peliper,32,"Surf"
Peliper,35,"Defog"
Peliper,35,"Roost"
Peliper,42,"Hurricane"
Peliper,48,"Hydro Pump"
Ninjask,5,"Screech"
Ninjask,5,"Bug Bite"
Ninjask,5,"Metal Claw"
Ninjask,5,"Dig"
Ninjask,21,"Aerial Ace"
Ninjask,25,"Lunge"
Ninjask,29,"Dual Wingbeat"
Ninjask,35,"Leech Life"
Ninjask,42,"X-Scissor"
Ninjask,50,"U-Turn"
Whismur,1,"Astonish"
Whismur,1,"Pound"
Whismur,10,"Echoed Voice"
Whismur,14,"Stomp"
Whismur,16,"Supersonic"
Whismur,22,"Uproar"
Whismur,26,"Screech"
Whismur,30,"Hyper Voice"
Whismur,35,"Boomburst"
Loudred,1,"Astonish"
Loudred,1,"Pound"
Loudred,16,"Echoed Voice"
Loudred,18,"Stomp"
Loudred,20,"Supersonic"
Loudred,24,"Uproar"
Loudred,30,"Screech"
Loudred,35,"Hyper Voice"
Loudred,42,"Boomburst"
Exploud,1,"Hyper Beam"
Exploud,1,"Outrage"
Exploud,1,"Terrain Pulse"
Exploud,5,"Supersonic"
Exploud,5,"Stomp"
Exploud,5,"Pound"
Exploud,5,"Echoed Voice"
Exploud,30,"Uproar"
Exploud,32,"Screech"
Exploud,36,"Hyper Voice"
Exploud,42,"Crunch"
Exploud,42,"Extrasensory"
Exploud,48,"Boomburst"
Plusle,5,"Helping Hand"
Plusle,5,"Covet"
Plusle,12,"Spark"
Plusle,12,"Nuzzle"
Plusle,17,"Encore"
Plusle,17,"Draining Kiss"
Plusle,21,"Electroweb"
Plusle,25,"Charm"
Plusle,27,"Entrainment"
Plusle,29,"Play Rough"
Plusle,32,"Discharge"
Plusle,35,"Thunderbolt"
Plusle,42,"Volt Switch"
Volbeat,1,"Encore"
Volbeat,5,"Confuse Ray"
Volbeat,5,"Quick Attack"
Volbeat,5,"Struggle Bug"
Volbeat,5,"Moonlight"
Volbeat,25,"Taunt"
Volbeat,26,"Thunder Wave"
Volbeat,28,"Charm"
Volbeat,32,"Bug Buzz"
Volbeat,34,"U-Turn"
Volbeat,35,"Play Rough"
Volbeat,38,"Roost"
Volbeat,42,"Tailwind"
Gulpin,5,"Pound"
Gulpin,9,"Yawn"
Gulpin,10,"Sludge"
Gulpin,12,"Acid Spray"
Gulpin,22,"Encore"
Gulpin,25,"Toxic"
Gulpin,28,"Venoshock"
Gulpin,32,"Sludge Bomb"
Gulpin,32,"Body Slam"
Gulpin,38,"Belch"
Gulpin,42,"Gunk Shot"
Swalot,1,"Body Press"
Swalot,5,"Yawn"
Swalot,5,"Sludge"
Swalot,5,"Acid Spray"
Swalot,5,"Encore"
Swalot,28,"Toxic"
Swalot,30,"Venoshock"
Swalot,35,"Sludge Bomb"
Swalot,35,"Body Slam"
Swalot,38,"Rapid Spin"
Swalot,42,"Belch"
Swalot,48,"Gunk Shot"
Spoink,1,"Splash"
Spoink,8,"Confusion"
Spoink,12,"Growl"
Spoink,17,"Psybeam"
Spoink,21,"Body Slam"
Spoink,22,"Confuse Ray"
Spoink,28,"Power Gem"
Spoink,32,"Psyshock"
Spoink,35,"Future Sight"
Spoink,38,"Psychic"
Spoink,42,"Bounce"
Grumpig,1,"Psycho Boost"
Grumpig,1,"Belch"
Grumpig,5,"Confusion"
Grumpig,5,"Growl"
Grumpig,5,"Psybeam"
Grumpig,5,"Body Slam"
Grumpig,28,"Confuse Ray"
Grumpig,32,"Power Gem"
Grumpig,35,"Psyshock"
Grumpig,38,"Future Sight"
Grumpig,42,"Psychic"
Grumpig,45,"Mirror Coat"
Grumpig,45,"Bounce"
Spinda,1,"Fake Out"
Spinda,1,"Metronome"
Spinda,14,"Psybeam"
Spinda,21,"Body Slam"
Spinda,25,"Sucker Punch"
Spinda,28,"Uproar"
Spinda,32,"Double-Edge"
Spinda,38,"Superpower"
Spinda,38,"Wish"
Cacnea,1,"Absorb"
Cacnea,1,"Sand Attack"
Cacnea,15,"Bullet Seed"
Cacnea,21,"Payback"
Cacnea,25,"Sucker Punch"
Cacnea,28,"Needle Arm"
Cacnea,32,"Spiky Shield"
Cacnea,38,"Leaf Blade"
Cacnea,42,"Leaf Storm"
Cacturne,1,"Destiny Bond"
Cacturne,5,"Sand Attack"
Cacturne,5,"Bullet Seed"
Cacturne,5,"Payback"
Cacturne,5,"Sucker Punch"
Cacturne,28,"Needle Arm"
Cacturne,32,"Spiky Shield"
Cacturne,38,"Power Trip"
Cacturne,42,"Leaf Blade"
Cacturne,48,"Knock Off"
Cacturne,52,"Leaf Storm"
Zangoose,1,"Counter"
Zangoose,1,"Final Gambit"
Zangoose,5,"Quick Attack"
Zangoose,5,"Slash"
Zangoose,5,"Crush Claw"
Zangoose,5,"False Swipe"
Zangoose,32,"Detect"
Zangoose,38,"X-Scissor"
Zangoose,42,"Night Slash"
Zangoose,48,"Close Combat"
Zangoose,58,"Body Slam"
Zangoose,64,"Extreme Speed"
Zangoose,73,"Double-Edge"
Seviper,5,"Swagger"
Seviper,5,"Bite"
Seviper,5,"Poison Tail"
Seviper,5,"Poison Fang"
Seviper,25,"Screech"
Seviper,28,"Glare"
Seviper,32,"Poison Jab"
Seviper,38,"Crunch"
Seviper,42,"Belch"
Seviper,48,"Sludge Bomb"
Seviper,52,"Sludge Wave"
Lunatone,1,"Moonblast"
Lunatone,1,"Moonlight"
Lunatone,5,"Confusion"
Lunatone,5,"Rock Throw"
Lunatone,5,"Tackle"
Lunatone,5,"Hypnosis"
Lunatone,15,"Rock Tomb"
Lunatone,21,"Psybeam"
Lunatone,28,"Power Gem"
Lunatone,32,"Psyshock"
Lunatone,35,"Rapid Spin"
Lunatone,38,"Psychic"
Lunatone,42,"Self-Destruct"
Lunatone,45,"Future Sight"
Lunatone,52,"Explosion"
Lunatone,66,"Meteor Beam"
Solrock,1,"Flamethrower"
Solrock,1,"Morning Sun"
Solrock,5,"Confusion"
Solrock,5,"Rock Throw"
Solrock,5,"Tackle"
Solrock,5,"Hypnosis"
Solrock,15,"Rock Tomb"
Solrock,21,"Psybeam"
Solrock,28,"Rock Slide"
Solrock,32,"Psycho Cut"
Solrock,35,"Rapid Spin"
Solrock,38,"Zen Headbutt"
Solrock,42,"Stone Edge"
Solrock,45,"Solar Beam"
Solrock,52,"Explosion"
Barboach,1,"Mud-Slap"
Barboach,1,"Water Gun"
Barboach,5,"Mud Shot"
Barboach,12,"Water Pulse"
Barboach,17,"Take Down"
Barboach,21,"Flail"
Barboach,28,"Aqua Tail"
Barboach,34,"Waterfall"
Barboach,38,"Earthquake"
Whiscash,1,"Belch"
Whiscash,1,"Zen Headbutt"
Whiscash,5,"Mud Shot"
Whiscash,5,"Water Pulse"
Whiscash,5,"Take Down"
Whiscash,5,"Flail"
Whiscash,28,"Aqua Tail"
Whiscash,32,"Thrash"
Whiscash,36,"Waterfall"
Whiscash,36,"Earth Power"
Whiscash,42,"Earthquake"
Duskull,1,"Astonish"
Duskull,1,"Disable"
Duskull,5,"Shadow Sneak"
Duskull,12,"Confuse Ray"
Duskull,17,"Night Shade"
Duskull,21,"Payback"
Duskull,28,"Will-O-Wisp"
Duskull,32,"Hex"
Duskull,38,"Shadow Punch"
Duskull,40,"Shadow Ball"
Duskull,44,"Future Sight"
Dusclops,1,"Shadow Sneak"
Dusclops,1,"Gravity"
Dusclops,5,"Disable"
Dusclops,5,"Confuse Ray"
Dusclops,5,"Night Shade"
Dusclops,5,"Payback"
Dusclops,32,"Will-O-Wisp"
Dusclops,36,"Hex"
Dusclops,37,"Shadow Punch"
Dusclops,40,"Shadow Ball"
Dusclops,44,"Future Sight"
Tropius,1,"Gust"
Tropius,1,"Leer"
Tropius,5,"Razor Leaf"
Tropius,12,"Magical Leaf"
Tropius,17,"Stomp"
Tropius,21,"Air Cutter"
Tropius,28,"Giga Drain"
Tropius,38,"Wide Guard"
Tropius,42,"Air Slash"
Tropius,48,"Outrage"
Tropius,52,"Leaf Storm"
Chimecho,1,"Healing Wish"
Chimecho,5,"Growl"
Chimecho,5,"Astonish"
Chimecho,5,"Confusion"
Chimecho,5,"Swift"
Chimecho,15,"Yawn"
Chimecho,21,"Extrasensory"
Chimecho,25,"Heal Bell"
Chimecho,32,"Uproar"
Chimecho,38,"Double-Edge"
Chimecho,42,"Heal Pulse"
Chimecho,42,"Future Sight"
Luvdisc,1,"Charm"
Luvdisc,1,"Water Gun"
Luvdisc,1,"Wish"
Luvdisc,17,"Water Pulse"
Luvdisc,21,"Draining Kiss"
Luvdisc,25,"Flail"
Luvdisc,32,"Surf"
Luvdisc,35,"Baby-Doll Eyes"
Luvdisc,38,"Life Dew"
Luvdisc,42,"Hydro Pump"
Luvdisc,42,"Soak"
Deoxys,1,"Superpower"
Deoxys,25,"Wrap"
Deoxys,30,"Night Shade"
Deoxys,35,"Teleport"
Deoxys,40,"Knock Off"
Deoxys,45,"Psyshock"
Deoxys,50,"Extrasensory"
Deoxys,55,"Psychic"
Deoxys,60,"Zen Headbutt"
Deoxys,65,"Recover"
Deoxys,70,"Psycho Boost"
Deoxys,75,"Hyper Beam"
Deoxys,80,"Future Sight"
Deoxys-Attack,1,"Superpower"
Deoxys-Attack,1,"Zap Cannon"
Deoxys-Attack,30,"Night Shade"
Deoxys-Attack,35,"Teleport"
Deoxys-Attack,40,"Knock Off"
Deoxys-Attack,45,"Psyshock"
Deoxys-Attack,50,"Extrasensory"
Deoxys-Attack,55,"Psychic"
Deoxys-Attack,60,"Zen Headbutt"
Deoxys-Attack,65,"Recover"
Deoxys-Attack,70,"Psycho Boost"
Deoxys-Attack,75,"Hyper Beam"
Deoxys-Attack,80,"Future Sight"
Deoxys-Defense,1,"Skill Swap"
Deoxys-Defense,25,"Wrap"
Deoxys-Defense,30,"Night Shade"
Deoxys-Defense,35,"Teleport"
Deoxys-Defense,40,"Knock Off"
Deoxys-Defense,45,"Psyshock"
Deoxys-Defense,50,"Extrasensory"
Deoxys-Defense,55,"Psychic"
Deoxys-Defense,60,"Zen Headbutt"
Deoxys-Defense,65,"Recover"
Deoxys-Defense,70,"Psycho Boost"
Deoxys-Defense,75,"Mirror Coat"
Deoxys-Defense,80,"Future Sight"
Deoxys-Speed,1,"Superpower"
Deoxys-Speed,25,"Wrap"
Deoxys-Speed,30,"Night Shade"
Deoxys-Speed,35,"Teleport"
Deoxys-Speed,40,"Knock Off"
Deoxys-Speed,45,"Psyshock"
Deoxys-Speed,50,"Extrasensory"
Deoxys-Speed,55,"Psychic"
Deoxys-Speed,60,"Zen Headbutt"
Deoxys-Speed,65,"Recover"
Deoxys-Speed,70,"Psycho Boost"
Deoxys-Speed,75,"Extreme Speed"
Deoxys-Speed,80,"Future Sight"
Bidoof,1,"Tackle"
Bidoof,1,"Growl"
Bidoof,1,"Rollout"
Bidoof,13,"Headbutt"
Bidoof,15,"Yawn"
Bidoof,17,"Covet"
Bidoof,17,"Bite"
Bidoof,21,"Crunch"
Bidoof,25,"Super Fang"
Bibarel,1,"Superpower"
Bibarel,13,"Water Gun"
Bibarel,13,"Covet"
Bibarel,15,"Headbutt"
Bibarel,17,"Water Pulse"
Bibarel,21,"Aqua Jet"
Bibarel,25,"Crunch"
Bibarel,28,"Super Fang"
Bibarel,32,"Waterfall"
Bibarel,35,"Double-Edge"
Kricketot,1,"Growl"
Kricketot,1,"Tackle"
Kricketot,1,"Struggle Bug"
Kricketot,1,"Bug Bite"
Kricketune,10,"Shadow Sneak"
Kricketune,13,"Absorb"
Kricketune,13,"Sing"
Kricketune,21,"Slash"
Kricketune,25,"X-Scissor"
Kricketune,25,"Screech"
Kricketune,28,"Night Slash"
Kricketune,32,"Bug Buzz"
Kricketune,35,"Leech Life"
Kricketune,70,"Sticky Web"
Burmy,1,"Protect"
Burmy,1,"Bug Bite"
Burmy,1,"Tackle"
Burmy,1,"String Shot"
Wormadam,1,"Sucker Punch"
Wormadam,20,"Confusion"
Wormadam,20,"Razor Leaf"
Wormadam,25,"Psybeam"
Wormadam,25,"Struggle Bug"
Wormadam,32,"Energy Ball"
Wormadam,36,"Bug Buzz"
Wormadam,44,"Leaf Storm"
Wormadam-Sandy,1,"Sucker Punch"
Wormadam-Sandy,20,"Confusion"
Wormadam-Sandy,20,"Rock Blast"
Wormadam-Sandy,25,"Psybeam"
Wormadam-Sandy,25,"Struggle Bug"
Wormadam-Sandy,32,"Earth Power"
Wormadam-Sandy,36,"Bug Buzz"
Wormadam-Sandy,44,"Earthquake"
Wormadam-Trash,1,"Sucker Punch"
Wormadam-Trash,20,"Confusion"
Wormadam-Trash,20,"Metal Claw"
Wormadam-Trash,25,"Psybeam"
Wormadam-Trash,25,"Struggle Bug"
Wormadam-Trash,28,"Metal Sound"
Wormadam-Trash,32,"Iron Head"
Wormadam-Trash,36,"Bug Buzz"
Wormadam-Trash,44,"Flash Cannon"
Pachirisu,1,"Thunder Shock"
Pachirisu,10,"Charm"
Pachirisu,15,"Quick Attack"
Pachirisu,17,"Spark"
Pachirisu,21,"Nuzzle"
Pachirisu,25,"Electro Ball"
Pachirisu,28,"Thunder Wave"
Pachirisu,32,"Super Fang"
Pachirisu,38,"Discharge"
Pachirisu,41,"Thunder Bolt"
Pachirisu,48,"Last Resort"
Pachirisu,52,"Thunder"
Cherubi,1,"Morning Sun"
Cherubi,10,"Tackle"
Cherubi,12,"Leafage"
Cherubi,17,"Magical Leaf"
Cherubi,21,"Mega Drain"
Cherubi,25,"Razor Leaf"
Cherubi,28,"Worry Seed"
Cherubi,32,"Giga Drain"
Cherubi,38,"Energy Ball"
Cherubi,42,"Petal Dance"
Cherubi,42,"Leaf Storm"
Cherrim,1,"Morning Sun"
Cherrim,10,"Tackle"
Cherrim,12,"Leafage"
Cherrim,17,"Magical Leaf"
Cherrim,21,"Mega Drain"
Cherrim,25,"Razor Leaf"
Cherrim,28,"Worry Seed"
Cherrim,35,"Giga Drain"
Cherrim,42,"Energy Ball"
Cherrim,48,"Petal Dance"
Cherrim,48,"Leaf Storm"
Mismagius,1,"Power Gem"
Mismagius,1,"Mystical Fire"
Mismagius,5,"Shadow Sneak"
Mismagius,5,"Confuse Ray"
Mismagius,5,"Hex"
Mismagius,5,"Psybeam"
Mismagius,38,"Pain Split"
Mismagius,42,"Will-O-Wisp"
Mismagius,48,"Shadow Ball"
Mismagius,54,"Dazzling Gleam"
Mismagius,62,"Perish Song"
Glameow,1,"Fake Out"
Glameow,1,"Scratch"
Glameow,1,"Growl"
Glameow,17,"Headbutt"
Glameow,21,"Aerial Ace"
Glameow,25,"Covet"
Glameow,32,"Night Slash"
Glameow,35,"Slash"
Glameow,38,"Body Slam"
Glameow,42,"Sucker Punch"
Glameow,48,"Play Rough"
Purugly,1,"Double-Edge"
Purugly,1,"U-Turn"
Purugly,5,"Headbutt"
Purugly,5,"Aerial Ace"
Purugly,5,"Covet"
Purugly,5,"Scratch"
Purugly,32,"Night Slash"
Purugly,35,"Slash"
Purugly,38,"Body Slam"
Purugly,45,"Sucker Punch"
Purugly,52,"Play Rough"
Purugly,56,"Last Resort"
Bronzor,1,"Confusion"
Bronzor,1,"Payback"
Bronzor,1,"Confuse Ray"
Bronzor,17,"Gyro Ball"
Bronzor,21,"Hypnosis"
Bronzor,25,"Extrasensory"
Bronzor,32,"Heavy Slam"
Bronzor,35,"Rapid Spin"
Bronzor,42,"Future Sight"
Bronzong,1,"Weather Ball"
Bronzong,5,"Payback"
Bronzong,5,"Confuse Ray"
Bronzong,5,"Gyro Ball"
Bronzong,5,"Hypnosis"
Bronzong,25,"Extrasensory"
Bronzong,32,"Heavy Slam"
Bronzong,35,"Psychic"
Bronzong,35,"Rapid Spin"
Bronzong,35,"Flash Cannon"
Bronzong,42,"Future Sight"
Bronzong,48,"Metal Sound"
Bronzong,58,"Explosion"
Bonsly,1,"Fake Tears"
Bonsly,1,"Flail"
Bonsly,1,"Rock Throw"
Bonsly,17,"Rock Tomb"
Bonsly,21,"Low Kick"
Bonsly,22,"Mimic"
Bonsly,28,"Sucker Punch"
Bonsly,32,"Rock Slide"
Bonsly,35,"Double-Edge"
Mime Jr.,1,"Pound"
Mime Jr.,1,"Encore"
Mime Jr.,1,"Confusion"
Mime Jr.,17,"Protect"
Mime Jr.,21,"Recycle"
Mime Jr.,25,"Psybeam"
Mime Jr.,32,"Light Screen"
Mime Jr.,32,"Reflect"
Mime Jr.,35,"Sucker Punch"
Mime Jr.,42,"Dazzling Gleam"
Mime Jr.,42,"Psychic"
Chatot,1,"Parting Shot"
Chatot,2,"U-Turn"
Chatot,5,"Round"
Chatot,5,"Roost"
Chatot,5,"Peck"
Chatot,5,"Gust"
Chatot,21,"Uproar"
Chatot,25,"Chatter"
Chatot,32,"Feather Dance"
Chatot,35,"Air Slash"
Chatot,35,"Hyper Voice"
Chatot,42,"Tailwind"
Chatot,48,"Defog"
Munchlax,1,"Lick"
Munchlax,1,"Tackle"
Munchlax,1,"Covet"
Munchlax,17,"Bite"
Munchlax,21,"Screech"
Munchlax,30,"Body Slam"
Munchlax,35,"Heavy Slam"
Munchlax,38,"Flail"
Munchlax,40,"Last Resort"
Hippopotas,1,"Bite"
Hippopotas,1,"Yawn"
Hippopotas,1,"Mud-Slap"
Hippopotas,12,"Sand Tomb"
Hippopotas,21,"Crunch"
Hippopotas,25,"Bulldoze"
Hippopotas,32,"Roar"
Hippopotas,35,"Stomping Tantrum"
Hippopotas,42,"Earthquake"
Hippopotas,42,"Double-Edge"
Hippopotas,48,"Slack Off"
Hippowdon,1,"Ice Fang"
Hippowdon,1,"Thunder Fang"
Hippowdon,1,"Fire Fang"
Hippowdon,25,"Sand Tomb"
Hippowdon,28,"Crunch"
Hippowdon,32,"Bulldoze"
Hippowdon,34,"Roar"
Hippowdon,38,"Stomping Tantrum"
Hippowdon,48,"Earthquake"
Hippowdon,48,"Double-Edge"
Hippowdon,54,"Slack Off"
Mantyke,1,"Tackle"
Mantyke,1,"Water Gun"
Mantyke,1,"Wing Attack"
Mantyke,12,"Water Pulse"
Mantyke,21,"Bubble Beam"
Mantyke,25,"Headbutt"
Mantyke,32,"Air Slash"
Mantyke,35,"Life Dew"
Mantyke,35,"Surf"
Mantyke,42,"Hydro Pump"
Lickilicky,1,"Zen Headbutt"
Lickilicky,1,"Giga Impact"
Lickilicky,1,"Body Press"
Lickilicky,12,"Stomp"
Lickilicky,18,"Disable"
Lickilicky,24,"Zen Headbutt"
Lickilicky,30,"Knock Off"
Lickilicky,30,"Rollout"
Lickilicky,30,"Rapid Spin"
Lickilicky,36,"Screech"
Lickilicky,38,"Body Slam"
Lickilicky,42,"Power Whip"
Lickilicky,48,"Double-Edge"
Tangrowth,1,"Absorb"
Tangrowth,1,"Bind"
Tangrowth,1,"Stun Spore"
Tangrowth,12,"Mega Drain"
Tangrowth,16,"Vine Whip"
Tangrowth,20,"Poison Powder"
Tangrowth,26,"Ancient Power"
Tangrowth,28,"Knock Off"
Tangrowth,32,"Giga Drain"
Tangrowth,36,"Sleep Powder"
Tangrowth,40,"Body Slam"
Tangrowth,48,"Power Whip"
Tangrowth,52,"Solar Blade"
Leafeon,1,"U-Turn"
Leafeon,1,"Solar Blade"
Leafeon,1,"Synthesis"
Leafeon,5,"Quick Attack"
Leafeon,5,"Baby-Doll Eyes"
Leafeon,5,"Swift"
Leafeon,5,"Leafage"
Leafeon,32,"Razor Leaf"
Leafeon,32,"Magical Leaf"
Leafeon,34,"Synthesis"
Leafeon,36,"Giga Drain"
Leafeon,40,"Leaf Blade"
Leafeon,48,"Last Resort"
Leafeon,50,"Wish"
Glaceon,1,"Shadow Ball"
Glaceon,1,"Blizzard"
Glaceon,1,"Protect"
Glaceon,5,"Quick Attack"
Glaceon,5,"Baby-Doll Eyes"
Glaceon,5,"Swift"
Glaceon,5,"Powder Snow"
Glaceon,32,"Icy Wind"
Glaceon,32,"Ice Shard"
Glaceon,34,"Ice Fang"
Glaceon,36,"Freeze-Dry"
Glaceon,40,"Mirror Coat"
Glaceon,44,"Ice Beam"
Glaceon,50,"Wish"
Dusknoir,1,"Pain Split"
Dusknoir,1,"Gravity"
Dusknoir,1,"Focus Punch"
Dusknoir,5,"Confuse Ray"
Dusknoir,5,"Night Shade"
Dusknoir,5,"Payback"
Dusknoir,5,"Will-O-Wisp"
Dusknoir,36,"Hex"
Dusknoir,42,"Dynamic Punch"
Dusknoir,48,"Future Sight"
Dusknoir,52,"Destiny Bond"
Dusknoir,60,"Phantom Force"
Dusknoir,66,"Poltergeist"
Rotom,1,"Thunder Shock"
Rotom,1,"Confuse Ray"
Rotom,1,"Astonish"
Rotom,25,"Shock Wave"
Rotom,25,"Hex"
Rotom,30,"Discharge"
Rotom,30,"Will-O-Wisp"
Rotom,30,"Thunder Wave"
Rotom,42,"Thunderbolt"
Rotom,48,"Volt Switch"
Rotom-Heat,1,"Thunder Shock"
Rotom-Heat,1,"Confuse Ray"
Rotom-Heat,1,"Astonish"
Rotom-Heat,1,"Shock Wave"
Rotom-Heat,40,"Discharge"
Rotom-Heat,40,"Flamethrower"
Rotom-Heat,40,"Will-O-Wisp"
Rotom-Heat,40,"Thunder Wave"
Rotom-Heat,66,"Overheat"
Rotom-Heat,66,"Thunderbolt"
Rotom-Heat,66,"Volt Switch"
Rotom-Wash,1,"Thunder Shock"
Rotom-Wash,1,"Confuse Ray"
Rotom-Wash,1,"Astonish"
Rotom-Wash,1,"Shock Wave"
Rotom-Wash,40,"Discharge"
Rotom-Wash,40,"Surf"
Rotom-Wash,40,"Will-O-Wisp"
Rotom-Wash,40,"Thunder Wave"
Rotom-Wash,66,"Hydro Pump"
Rotom-Wash,66,"Thunderbolt"
Rotom-Wash,66,"Volt Switch"
Rotom-Mow,1,"Thunder Shock"
Rotom-Mow,1,"Confuse Ray"
Rotom-Mow,1,"Astonish"
Rotom-Mow,1,"Shock Wave"
Rotom-Mow,40,"Discharge"
Rotom-Mow,40,"Giga Drain"
Rotom-Mow,40,"Will-O-Wisp"
Rotom-Mow,40,"Thunder Wave"
Rotom-Mow,66,"Leaf Storm"
Rotom-Mow,66,"Thunderbolt"
Rotom-Mow,66,"Volt Switch"
Rotom-Frost,1,"Thunder Shock"
Rotom-Frost,1,"Confuse Ray"
Rotom-Frost,1,"Astonish"
Rotom-Frost,1,"Shock Wave"
Rotom-Frost,40,"Discharge"
Rotom-Frost,40,"Ice Beam"
Rotom-Frost,40,"Will-O-Wisp"
Rotom-Frost,40,"Thunder Wave"
Rotom-Frost,66,"Blizzard"
Rotom-Frost,66,"Thunderbolt"
Rotom-Frost,66,"Volt Switch"
Rotom-Fan,1,"Thunder Shock"
Rotom-Fan,1,"Confuse Ray"
Rotom-Fan,1,"Astonish"
Rotom-Fan,1,"Shock Wave"
Rotom-Fan,40,"Discharge"
Rotom-Fan,40,"Air Slash"
Rotom-Fan,40,"Will-O-Wisp"
Rotom-Fan,40,"Thunder Wave"
Rotom-Fan,66,"Hurricane"
Rotom-Fan,66,"Thunderbolt"
Rotom-Fan,66,"Volt Switch"
Uxie,1,"Expanding Force"
Uxie,1,"Ally Switch"
Uxie,20,"Swift"
Uxie,20,"Endure"
Uxie,20,"Psybeam"
Uxie,20,"Imprison"
Uxie,30,"Extrasensory"
Uxie,35,"Thunder Wave"
Uxie,40,"Psyshock"
Uxie,45,"Yawn"
Uxie,50,"Future Sight"
Uxie,55,"U-Turn"
Uxie,60,"Mystical Power"
Mesprit,1,"Expanding Force"
Mesprit,1,"Ally Switch"
Mesprit,20,"Swift"
Mesprit,20,"Endure"
Mesprit,20,"Psybeam"
Mesprit,20,"Imprison"
Mesprit,30,"Extrasensory"
Mesprit,35,"Flatter"
Mesprit,40,"Psyshock"
Mesprit,45,"Charm"
Mesprit,50,"Future Sight"
Mesprit,55,"U-Turn"
Mesprit,60,"Mystical Power"
Shaymin,1,"Leafage"
Shaymin,10,"Magical Leaf"
Shaymin,19,"Healing Wish"
Shaymin,28,"Synthesis"
Shaymin,37,"Dazzling Gleam"
Shaymin,46,"Play Rough"
Shaymin,55,"Giga Drain"
Shaymin,64,"Jungle Healing"
Shaymin,73,"Energy Ball"
Shaymin,82,"Leaf Storm"
Shaymin,91,"Spiky Shield"
Shaymin,99,"Seed Flare"
Shaymin-Sky,1,"Leafage"
Shaymin-Sky,10,"Magical Leaf"
Shaymin-Sky,19,"Worry Seed"
Shaymin-Sky,28,"Quick Attack"
Shaymin-Sky,37,"Sweet Scent"
Shaymin-Sky,46,"Play Rough"
Shaymin-Sky,55,"Tailwind"
Shaymin-Sky,64,"Air Slash"
Shaymin-Sky,73,"Energy Ball"
Shaymin-Sky,82,"Earth Power"
Shaymin-Sky,91,"Leaf Storm"
Shaymin-Sky,99,"Seed Flare"
Patrat,1,"Tackle"
Patrat,1,"Leer"
Patrat,1,"Bite"
Patrat,11,"Detect"
Patrat,14,"Crunch"
Patrat,17,"Headbutt"
Patrat,22,"Super Fang"
Patrat,28,"Hyper Fang"
Patrat,32,"Mean Look"
Watchog,1,"Low Kick"
Watchog,1,"Knock Off"
Watchog,12,"Bite"
Watchog,15,"Detect"
Watchog,18,"Crunch"
Watchog,20,"Hypnosis"
Watchog,24,"Super Fang"
Watchog,32,"Hyper Fang"
Watchog,38,"Mean Look"
Purrloin,1,"Growl"
Purrloin,1,"Scratch"
Purrloin,8,"Fake Out"
Purrloin,12,"Bite"
Purrloin,17,"Assurance"
Purrloin,24,"Sucker Punch"
Purrloin,32,"Night Slash"
Purrloin,36,"Play Rough"
Purrloin,42,"Foul Play"
Liepard,1,"U-Turn"
Liepard,1,"Throat Chop"
Liepard,5,"Fake Out"
Liepard,5,"Bite"
Liepard,5,"Scratch"
Liepard,5,"Assurance"
Liepard,25,"Snarl"
Liepard,28,"Sucker Punch"
Liepard,35,"Night Slash"
Liepard,38,"Play Rough"
Liepard,48,"Foul Play"
Pansage,5,"Scratch"
Pansage,5,"Leer"
Pansage,5,"Absorb"
Pansage,12,"Bite"
Pansage,16,"Razor Leaf"
Pansage,16,"Mega Drain"
Pansage,20,"Aerial Ace"
Pansage,26,"Seed Bomb"
Pansage,26,"Giga Drain"
Pansage,32,"Acrobatics"
Pansage,35,"Grass Knot"
Pansage,38,"Knock Off"
Pansage,42,"Leaf Storm"
Pansage,48,"U-Turn"
Simisage,1,"Fake Out"
Simisage,1,"Spiky Shield"
Simisage,1,"Grassy Glide"
Simisage,20,"Bite"
Simisage,20,"Razor Leaf"
Simisage,20,"Mega Drain"
Simisage,20,"Aerial Ace"
Simisage,32,"Seed Bomb"
Simisage,32,"Giga Drain"
Simisage,35,"Acrobatics"
Simisage,38,"Grass Knot"
Simisage,42,"Knock Off"
Simisage,48,"Leaf Storm"
Simisage,54,"U-Turn"
Pansear,5,"Scratch"
Pansear,5,"Leer"
Pansear,5,"Ember"
Pansear,12,"Bite"
Pansear,16,"Flame Wheel"
Pansear,16,"Incinerate"
Pansear,20,"Aerial Ace"
Pansear,26,"Flamethrower"
Pansear,26,"Fire Punch"
Pansear,32,"Acrobatics"
Pansear,35,"Searing Shot"
Pansear,38,"Knock Off"
Pansear,42,"Overheat"
Pansear,48,"U-Turn"
Simisear,1,"Fake Out"
Simisear,1,"Morning Sun"
Simisear,1,"Sacred Fire"
Simisear,20,"Bite"
Simisear,20,"Flame Wheel"
Simisear,20,"Incinerate"
Simisear,20,"Aerial Ace"
Simisear,32,"Flamethrower"
Simisear,32,"Fire Punch"
Simisear,35,"Acrobatics"
Simisear,38,"Searing Shot"
Simisear,42,"Knock Off"
Simisear,48,"Overheat"
Simisear,54,"U-Turn"
Panpour,5,"Scratch"
Panpour,5,"Leer"
Panpour,5,"Water Gun"
Panpour,12,"Bite"
Panpour,16,"Bubble Beam"
Panpour,16,"Clamp"
Panpour,20,"Aerial Ace"
Panpour,26,"Scald"
Panpour,26,"Waterfall"
Panpour,32,"Acrobatics"
Panpour,35,"Snipe Shot"
Panpour,38,"Knock Off"
Panpour,42,"Steam Eruption"
Panpour,48,"Flip Turn"
Simipour,1,"Fake Out"
Simipour,1,"Water Shuriken"
Simipour,1,"Crabhammer"
Simipour,20,"Bite"
Simipour,20,"Bubble Beam"
Simipour,20,"Clamp"
Simipour,20,"Aerial Ace"
Simipour,32,"Scald"
Simipour,32,"Waterfall"
Simipour,35,"Acrobatics"
Simipour,38,"Steam Eruption"
Simipour,42,"Knock Off"
Simipour,48,"Origin Pulse"
Simipour,54,"Flip Turn"
Pidove,1,"Growl"
Pidove,1,"Gust"
Pidove,8,"Quick Attack"
Pidove,17,"Air Cutter"
Pidove,20,"Feather Dance"
Pidove,28,"Detect"
Pidove,32,"Air Slash"
Pidove,36,"Roost"
Pidove,42,"Tailwind"
Tranquill,14,"Growl"
Tranquill,16,"Gust"
Tranquill,18,"Quick Attack"
Tranquill,20,"Air Cutter"
Tranquill,25,"Feather Dance"
Tranquill,32,"Detect"
Tranquill,36,"Air Slash"
Tranquill,42,"Roost"
Tranquill,48,"Tailwind"
Unfezant,1,"Sky Attack"
Unfezant,1,"Heat Wave"
Unfezant,5,"Quick Attack"
Unfezant,5,"Air Cutter"
Unfezant,5,"Feather Dance"
Unfezant,5,"Detect"
Unfezant,35,"Drill Peck"
Unfezant,38,"Roost"
Unfezant,48,"Tailwind"
Unfezant,54,"Brave Bird"
Blitzle,1,"Quick Attack"
Blitzle,1,"Shock Wave"
Blitzle,17,"Thunder Wave"
Blitzle,21,"Spark"
Blitzle,25,"Stomp"
Blitzle,29,"Discharge"
Blitzle,35,"Wild Charge"
Blitzle,38,"Thrash"
Blitzle,42,"Thunder"
Zebstrika,1,"Volt Switch"
Zebstrika,1,"Volt Tackle"
Zebstrika,5,"Thunder Wave"
Zebstrika,5,"Spark"
Zebstrika,5,"Stomp"
Zebstrika,5,"Discharge"
Zebstrika,35,"High Horsepower"
Zebstrika,38,"Wild Charge"
Zebstrika,42,"Thunderbolt"
Zebstrika,48,"Thunder"
Zebstrika,54,"Outrage"
Zebstrika,66,"Bolt Strike"
Woobat,1,"Gust"
Woobat,1,"Confusion"
Woobat,1,"Growl"
Woobat,15,"Air Cutter"
Woobat,20,"Assurance"
Woobat,25,"Air Slash"
Woobat,28,"Extrasensory"
Woobat,32,"Knock Off"
Woobat,35,"Pyschic"
Woobat,42,"Future Sight"
Woobat,48,"Tailwind"
Swoobat,1,"U-Turn"
Swoobat,1,"Synchronoise"
Swoobat,5,"Confusion"
Swoobat,5,"Growl"
Swoobat,5,"Air Cutter"
Swoobat,5,"Assurance"
Swoobat,22,"Pluck"
Swoobat,28,"Air Slash"
Swoobat,32,"Extrasensory"
Swoobat,35,"Knock Off"
Swoobat,38,"Pyschic"
Swoobat,44,"Future Sight"
Swoobat,52,"Tailwind"
Sewaddle,1,"Tackle"
Sewaddle,1,"String Shot"
Sewaddle,1,"Bug Bite"
Sewaddle,12,"Leafage"
Sewaddle,15,"Razor Leaf"
Sewaddle,17,"Struggle Bug"
Sewaddle,25,"Endure"
Sewaddle,28,"Leaf Blade"
Sewaddle,28,"Leech Life"
Sewaddle,35,"Bug Buzz"
Swadloon,1,"Tackle"
Swadloon,1,"String Shot"
Swadloon,1,"Bug Bite"
Swadloon,12,"Leafage"
Swadloon,15,"Razor Leaf"
Swadloon,17,"Struggle Bug"
Swadloon,20,"Protect"
Swadloon,28,"Endure"
Swadloon,32,"Leaf Blade"
Swadloon,32,"Leech Life"
Swadloon,38,"Bug Buzz"
Leavanny,1,"Sticky Web"
Leavanny,1,"U-Turn"
Leavanny,1,"Bug Bite"
Leavanny,5,"Leafage"
Leavanny,5,"Razor Leaf"
Leavanny,5,"Protect"
Leavanny,5,"Struggle Bug"
Leavanny,26,"Lunge"
Leavanny,28,"Endure"
Leavanny,32,"Leaf Blade"
Leavanny,32,"Leech Life"
Leavanny,38,"Bug Buzz"
Leavanny,42,"First Impression"
Leavanny,54,"Leaf Storm"
Cottonee,1,"Absorb"
Cottonee,1,"Fairy Wind"
Cottonee,1,"Stun Spore"
Cottonee,12,"Mega Drain"
Cottonee,15,"Razor Leaf"
Cottonee,17,"Poison Powder"
Cottonee,25,"Giga Drain"
Cottonee,28,"Charm"
Cottonee,32,"Dazzling Gleam"
Cottonee,32,"Energy Ball"
Cottonee,38,"Moonblast"
Whimsicott,1,"Tailwind"
Whimsicott,1,"Hurricane"
Whimsicott,5,"Mega Drain"
Whimsicott,5,"Razor Leaf"
Whimsicott,5,"Poison Powder"
Whimsicott,5,"Giga Drain"
Whimsicott,32,"Charm"
Whimsicott,35,"Dazzling Gleam"
Whimsicott,35,"Energy Ball"
Whimsicott,42,"Moonblast"
Whimsicott,48,"Defog"
Whimsicott,54,"Leaf Storm"
Whimsicott,62,"Encore"
Darumaka,1,"Ember"
Darumaka,1,"Tackle"
Darumaka,8,"Bite"
Darumaka,12,"Incinerate"
Darumaka,17,"Headbutt"
Darumaka,21,"Fire Fang"
Darumaka,25,"Body Slam"
Darumaka,32,"Fire Punch"
Darumaka,40,"Blaze Kick"
Darumaka,48,"Superpower"
Darumaka,48,"Flare Blitz"
Darumaka,62,"Sacred Fire"
Darumaka,74,"Pyro Ball"
Darumaka-Galar,1,"Powder Snow"
Darumaka-Galar,1,"Tackle"
Darumaka-Galar,8,"Bite"
Darumaka-Galar,12,"Avalanche"
Darumaka-Galar,17,"Headbutt"
Darumaka-Galar,21,"Ice Fang"
Darumaka-Galar,25,"Body Slam"
Darumaka-Galar,32,"Ice Punch"
Darumaka-Galar,40,"Icicle Crash"
Darumaka-Galar,48,"Superpower"
Darumaka-Galar,52,"Ice Hammer"
Darumaka-Galar,64,"Ice Shard"
Darmanitan,1,"Overheat"
Darmanitan,1,"Lash Out"
Darmanitan,25,"Bite"
Darmanitan,25,"Incinerate"
Darmanitan,25,"Headbutt"
Darmanitan,25,"Fire Fang"
Darmanitan,25,"Body Slam"
Darmanitan,32,"Fire Punch"
Darmanitan,40,"Blaze Kick"
Darmanitan,52,"Superpower"
Darmanitan,59,"Flare Blitz"
Darmanitan,66,"Sacred Fire"
Darmanitan,79,"Pyro Ball"
Darmanitan-Galar,1,"Freeze-Dry"
Darmanitan-Galar,1,"Lash Out"
Darmanitan-Galar,25,"Bite"
Darmanitan-Galar,25,"Avalanche"
Darmanitan-Galar,25,"Headbutt"
Darmanitan-Galar,25,"Ice Fang"
Darmanitan-Galar,25,"Body Slam"
Darmanitan-Galar,32,"Ice Punch"
Darmanitan-Galar,35,"Hammer Arm"
Darmanitan-Galar,42,"Icicle Crash"
Darmanitan-Galar,52,"Superpower"
Darmanitan-Galar,58,"Ice Hammer"
Darmanitan-Galar,72,"Ice Shard"
Scraggy,1,"Low Kick"
Scraggy,4,"Bite"
Scraggy,8,"Fake Out"
Scraggy,12,"Headbutt"
Scraggy,15,"Rock Throw"
Scraggy,17,"Payback"
Scraggy,21,"Beat Up"
Scraggy,25,"Scary Face"
Scraggy,32,"Drain Punch"
Scraggy,35,"Crunch"
Scraggy,38,"Body Slam"
Scraggy,40,"Knock Off"
Scraggy,42,"Hi Jump Kick"
Scraggy,48,"Close Combat"
Scraggy,52,"Head Smash"
Scrafty,1,"Foul Play"
Scrafty,1,"Lash Out"
Scrafty,5,"Reversal"
Scrafty,5,"Payback"
Scrafty,5,"Fake Out"
Scrafty,5,"Scary Face"
Scrafty,35,"Drain Punch"
Scrafty,38,"Crunch"
Scrafty,40,"Body Slam"
Scrafty,44,"Knock Off"
Scrafty,48,"Hi Jump Kick"
Scrafty,52,"Close Combat"
Scrafty,56,"Head Smash"
Yamask,1,"Astonish"
Yamask,1,"Protect"
Yamask,1,"Night Shade"
Yamask,12,"Disable"
Yamask,16,"Will-O-Wisp"
Yamask,25,"Hex"
Yamask,32,"Mean Look"
Yamask,38,"Curse"
Yamask,40,"Shadow Ball"
Yamask,44,"Dark Pulse"
Yamask,48,"Destiny Bond"
Yamask-Galar,1,"Astonish"
Yamask-Galar,1,"Protect"
Yamask-Galar,1,"Night Shade"
Yamask-Galar,12,"Disable"
Yamask-Galar,16,"Brutal Swing"
Yamask-Galar,25,"Hex"
Yamask-Galar,32,"Mean Look"
Yamask-Galar,38,"Curse"
Yamask-Galar,40,"Shadow Ball"
Yamask-Galar,44,"Earthquake"
Yamask-Galar,48,"Destiny Bond"
Cofagrigus,1,"Phantom Force"
Cofagrigus,1,"Poltergeist"
Cofagrigus,1,"Skill Swap"
Cofagrigus,12,"Disable"
Cofagrigus,16,"Will-O-Wisp"
Cofagrigus,25,"Hex"
Cofagrigus,32,"Mean Look"
Cofagrigus,35,"Shadow Claw"
Cofagrigus,38,"Curse"
Cofagrigus,40,"Shadow Ball"
Cofagrigus,44,"Dark Pulse"
Cofagrigus,48,"Destiny Bond"
Runerigus,1,"Phantom Force"
Runerigus,1,"Poltergeist"
Runerigus,1,"Skill Swap"
Runerigus,12,"Disable"
Runerigus,16,"Brutal Swing"
Runerigus,25,"Hex"
Runerigus,32,"Mean Look"
Runerigus,35,"Shadow Claw"
Runerigus,38,"Curse"
Runerigus,40,"Shadow Ball"
Runerigus,44,"Earthquake"
Runerigus,48,"Destiny Bond"
Trubbish,1,"Pound"
Trubbish,1,"Recycle"
Trubbish,1,"Acid Spray"
Trubbish,12,"Clear Smog"
Trubbish,16,"Headbutt"
Trubbish,21,"Sludge"
Trubbish,25,"Body Slam"
Trubbish,28,"Sludge Bomb"
Trubbish,32,"Belch"
Trubbish,36,"Pain Split"
Trubbish,42,"Gunk Shot"
Trubbish,48,"Explosion"
Garbodor,1,"Sludge Wave"
Garbodor,1,"Corrosive Gas"
Garbodor,1,"Body Press"
Garbodor,5,"Pound"
Garbodor,5,"Recycle"
Garbodor,5,"Acid Spray"
Garbodor,5,"Clear Smog"
Garbodor,16,"Headbutt"
Garbodor,21,"Sludge"
Garbodor,25,"Body Slam"
Garbodor,28,"Sludge Bomb"
Garbodor,35,"Belch"
Garbodor,38,"Pain Split"
Garbodor,45,"Gunk Shot"
Garbodor,54,"Explosion"
Minccino,1,"Pound"
Minccino,1,"Baby-Doll Eyes"
Minccino,1,"Echoed Voice"
Minccino,12,"Sing"
Minccino,16,"Charm"
Minccino,21,"Encore"
Minccino,32,"Tail Slap"
Minccino,35,"Hyper Voice"
Minccino,38,"Last Resort"
Cinccino,1,"After You"
Cinccino,1,"Facade"
Cinccino,32,"Bullet Seed"
Cinccino,32,"Rock Blast"
Cinccino,32,"Tail Slap"
Cinccino,32,"Knock Off"
Cinccino,38,"Hyper Voice"
Cinccino,35,"Last Resort"
Gothita,1,"Pound"
Gothita,1,"Confusion"
Gothita,12,"Psybeam"
Gothita,17,"Charm"
Gothita,21,"Psyshock"
Gothita,25,"Hypnosis"
Gothita,38,"Psychic"
Gothita,35,"Future Sight"
Gothorita,1,"Pound"
Gothorita,1,"Confusion"
Gothorita,17,"Psybeam"
Gothorita,21,"Charm"
Gothorita,25,"Psyshock"
Gothorita,32,"Hypnosis"
Gothorita,42,"Psychic"
Gothorita,48,"Future Sight"
Gothitelle,1,"Fake Out"
Gothitelle,1,"Expanding Force"
Gothitelle,21,"Psybeam"
Gothitelle,25,"Charm"
Gothitelle,32,"Psyshock"
Gothitelle,36,"Hypnosis"
Gothitelle,48,"Psychic"
Gothitelle,52,"Future Sight"
Ducklett,1,"Water Gun"
Ducklett,1,"Aerial Ace"
Ducklett,13,"Water Pulse"
Ducklett,17,"Feather Dance"
Ducklett,24,"Life Dew"
Ducklett,30,"Air Slash"
Ducklett,30,"Surf"
Ducklett,33,"Roost"
Ducklett,38,"Brave Bird"
Ducklett,42,"Hurricane"
Ducklett,48,"Tailwind"
Swanna,1,"Aqua Jet"
Swanna,1,"Flip Turn"
Swanna,13,"Water Pulse"
Swanna,17,"Feather Dance"
Swanna,24,"Life Dew"
Swanna,30,"Air Slash"
Swanna,30,"Surf"
Swanna,34,"Roost"
Swanna,40,"Brave Bird"
Swanna,44,"Hurricane"
Swanna,52,"Tailwind"
Vanillite,1,"Astonish"
Vanillite,1,"Powder Snow"
Vanillite,13,"Icy Wind"
Vanillite,17,"Avalanche"
Vanillite,24,"Icicle Spear"
Vanillite,28,"Uproar"
Vanillite,32,"Mirror Coat"
Vanillite,36,"Ice Beam"
Vanillite,38,"Blizzard"
Vanillite,42,"Freeze-Dry"
Vanillish,1,"Astonish"
Vanillish,1,"Powder Snow"
Vanillish,16,"Icy Wind"
Vanillish,21,"Avalanche"
Vanillish,28,"Icicle Spear"
Vanillish,32,"Uproar"
Vanillish,35,"Mirror Coat"
Vanillish,38,"Ice Beam"
Vanillish,42,"Blizzard"
Vanillish,46,"Freeze-Dry"
Vanillixe,1,"Weather Ball"
Vanillixe,1,"Hyper Voice"
Vanillixe,21,"Icy Wind"
Vanillixe,25,"Avalanche"
Vanillixe,32,"Icicle Spear"
Vanillixe,34,"Uproar"
Vanillixe,38,"Mirror Coat"
Vanillixe,42,"Ice Beam"
Vanillixe,48,"Blizzard"
Vanillixe,54,"Freeze-Dry"
Vanillixe,58,"Ice Shard"
Emolga,1,"Nuzzle"
Emolga,1,"Quick Attack"
Emolga,15,"Shock Wave"
Emolga,21,"Aerial Ace"
Emolga,25,"Acrobatics"
Emolga,28,"Encore"
Emolga,32,"Discharge"
Emolga,36,"Dual Wingbeat"
Emolga,40,"Thunderbolt"
Emolga,44,"Volt Switch"
Emolga,52,"Defog"
Alomomola,1,"Play Nice"
Alomomola,1,"Pound"
Alomomola,5,"Life Dew"
Alomomola,9,"Aqua Jet"
Alomomola,13,"Helping Hand"
Alomomola,13,"Wide Guard"
Alomomola,25,"Water Pulse"
Alomomola,29,"Healing Wish"
Alomomola,32,"Soak"
Alomomola,35,"Wish"
Alomomola,38,"Surf"
Alomomola,42,"Hydro Pump"
Alomomola,54,"Flip Turn"
Klink,1,"Thunder Shock"
Klink,1,"Vise Grip"
Klink,4,"Tackle"
Klink,12,"Shock Wave"
Klink,16,"Metal Sound"
Klink,20,"Screech"
Klink,24,"Discharge"
Klink,28,"Gear Grind"
Klink,32,"Wild Charge"
Klink,40,"Flash Cannon"
Klink,44,"Zap Cannon"
Klink,48,"Hyper Beam"
Klang,1,"Thunder Shock"
Klang,1,"Vise Grip"
Klang,12,"Tackle"
Klang,16,"Shock Wave"
Klang,18,"Metal Sound"
Klang,24,"Screech"
Klang,28,"Discharge"
Klang,32,"Gear Grind"
Klang,32,"Wild Charge"
Klang,40,"Flash Cannon"
Klang,48,"Zap Cannon"
Klang,52,"Hyper Beam"
Klinklang,1,"Giga Impact"
Klinklang,1,"Volt Switch"
Klinklang,5,"Tackle"
Klinklang,5,"Shock Wave"
Klinklang,5,"Metal Sound"
Klinklang,5,"Screech"
Klinklang,28,"Discharge"
Klinklang,36,"Gear Grind"
Klinklang,38,"Wild Charge"
Klinklang,42,"Flash Cannon"
Klinklang,52,"Zap Cannon"
Klinklang,56,"Hyper Beam"
Klinklang,64,"Steel Beam"
Klinklang,73,"Explosion"
Elgyem,1,"Confusion"
Elgyem,1,"Growl"
Elgyem,20,"Psybeam"
Elgyem,22,"Disable"
Elgyem,24,"Psyshock"
Elgyem,25,"Headbutt"
Elgyem,32,"Zen Headbutt"
Elgyem,38,"Recover"
Elgyem,38,"Psychic"
Elgyem,42,"Future Sight"
Beheeyem,1,"Expanding Force"
Beheeyem,1,"Meteor Beam"
Beheeyem,25,"Psybeam"
Beheeyem,28,"Disable"
Beheeyem,32,"Psyshock"
Beheeyem,36,"Headbutt"
Beheeyem,38,"Zen Headbutt"
Beheeyem,38,"Power Gem"
Beheeyem,42,"Recover"
Beheeyem,42,"Psychic"
Beheeyem,48,"Future Sight"
Axew,1,"Scratch"
Axew,1,"Leer"
Axew,3,"Bite"
Axew,6,"False Swipe"
Axew,9,"Assurance"
Axew,12,"Slash"
Axew,15,"Dragon Tail"
Axew,18,"Dragon Pulse"
Axew,21,"Scary Face"
Axew,24,"Crunch"
Axew,30,"Breaking Swipe"
Axew,33,"Focus Energy"
Axew,36,"Dragon Claw"
Axew,42,"Outrage"
Axew,48,"First Impression"
Axew,54,"Draco Meteor"
Fraxure,1,"Scratch"
Fraxure,1,"Leer"
Fraxure,3,"Bite"
Fraxure,6,"False Swipe"
Fraxure,9,"Assurance"
Fraxure,17,"Slash"
Fraxure,21,"Dragon Tail"
Fraxure,26,"Dragon Pulse"
Fraxure,32,"Scary Face"
Fraxure,38,"Crunch"
Fraxure,40,"Breaking Swipe"
Fraxure,42,"Focus Energy"
Fraxure,42,"Dragon Claw"
Fraxure,48,"Outrage"
Fraxure,54,"First Impression"
Fraxure,64,"Draco Meteor"
Haxorus,1,"Iron Head"
Haxorus,1,"Aqua Tail"
Haxorus,5,"Slash"
Haxorus,5,"Dragon Tail"
Haxorus,5,"Breaking Swipe"
Haxorus,5,"Scary Face"
Haxorus,42,"Crunch"
Haxorus,48,"Breaking Swipe"
Haxorus,52,"Focus Energy"
Haxorus,54,"Dragon Claw"
Haxorus,59,"Outrage"
Haxorus,66,"First Impression"
Haxorus,70,"Dragon Hammer"
Haxorus,80,"Dragon Darts"
Cubchoo,1,"Powder Snow"
Cubchoo,1,"Growl"
Cubchoo,3,"Endure"
Cubchoo,6,"Fury Swipes"
Cubchoo,9,"Icy Wind"
Cubchoo,12,"Play Nice"
Cubchoo,15,"Brine"
Cubchoo,18,"Avalanche"
Cubchoo,21,"Slash"
Cubchoo,24,"Flail"
Cubchoo,27,"Charm"
Cubchoo,30,"Frost Breath"
Cubchoo,33,"Thrash"
Cubchoo,36,"Play Rough"
Cubchoo,39,"Icicle Crash"
Cubchoo,42,"Superpower"
Beartic,1,"Aqua Jet"
Beartic,1,"Liquidation"
Beartic,5,"Avalanche"
Beartic,5,"Slash"
Beartic,5,"Flail"
Beartic,5,"Charm"
Beartic,34,"Slash"
Beartic,38,"Flail"
Beartic,40,"Charm"
Beartic,42,"Frost Breath"
Beartic,45,"Thrash"
Beartic,48,"Play Rough"
Beartic,54,"Icicle Crash"
Beartic,58,"Superpower"
Beartic,64,"Ice Hammer"
Golett,1,"Mud-Slap"
Golett,1,"Astonish"
Golett,8,"Pound"
Golett,25,"Shadow Punch"
Golett,25,"Curse"
Golett,25,"Night Shade"
Golett,32,"Stomping Tantrum"
Golett,32,"Mega Punch"
Golett,38,"Shadow Ball"
Golett,38,"Heavy Slam"
Golett,42,"Phantom Force"
Golett,48,"Hammer Arm"
Golett,54,"Earthquake"
Golett,54,"Dynamic Punch"
Golurk,1,"Poltergeist"
Golurk,1,"Body Press"
Golurk,25,"Shadow Punch"
Golurk,25,"Curse"
Golurk,25,"Night Shade"
Golurk,32,"Stomping Tantrum"
Golurk,32,"Mega Punch"
Golurk,36,"High Horsepower"
Golurk,38,"Shadow Ball"
Golurk,38,"Heavy Slam"
Golurk,48,"Phantom Force"
Golurk,52,"Hammer Arm"
Golurk,56,"Earthquake"
Golurk,60,"Dynamic Punch"
Pawniard,1,"Scratch"
Pawniard,1,"Leer"
Pawniard,5,"Fury Cutter"
Pawniard,10,"Metal Claw"
Pawniard,20,"Scary Face"
Pawniard,25,"Assurance"
Pawniard,25,"Metal Sound"
Pawniard,35,"Slash"
Pawniard,35,"Night Slash"
Pawniard,38,"Sucker Punch"
Pawniard,42,"Iron Head"
Pawniard,42,"Knock Off"
Bisharp,20,"Fury Cutter"
Bisharp,20,"Metal Claw"
Bisharp,20,"Scary Face"
Bisharp,20,"Assurance"
Bisharp,25,"Metal Sound"
Bisharp,38,"Slash"
Bisharp,38,"Night Slash"
Bisharp,42,"Sucker Punch"
Bisharp,48,"Iron Head"
Bisharp,48,"Knock Off"
Bisharp,52,"Foul Play"
Bouffalant,1,"High Horsepower"
Bouffalant,1,"Wild Charge"
Bouffalant,5,"Focus Energy"
Bouffalant,10,"Fury Attack"
Bouffalant,15,"Revenge"
Bouffalant,20,"Scary Face"
Bouffalant,25,"Horn Attack"
Bouffalant,30,"Reversal"
Bouffalant,38,"Throat Chop"
Bouffalant,48,"Head Charge"
Bouffalant,48,"Facade"
Bouffalant,50,"Megahorn"
Bouffalant,55,"Giga Impact"
Rufflet,1,"Peck"
Rufflet,1,"Leer"
Rufflet,12,"Aerial Ace"
Rufflet,24,"Scary Face"
Rufflet,30,"Drill Peck"
Rufflet,32,"Slash"
Rufflet,35,"Dual Wingbeat"
Rufflet,38,"Crush Claw"
Rufflet,40,"Air Slash"
Rufflet,48,"Brave Bird"
Rufflet,52,"Defog"
Rufflet,54,"Tailwind"
Braviary,1,"Close Combat"
Braviary,1,"U-Turn"
Braviary,5,"Aerial Ace"
Braviary,5,"Scary Face"
Braviary,32,"Drill Peck"
Braviary,35,"Slash"
Braviary,38,"Dual Wingbeat"
Braviary,42,"Crush Claw"
Braviary,48,"Body Slam"
Braviary,54,"Brave Bird"
Braviary,56,"Defog"
Braviary,60,"Tailwind"
Braviary,72,"Extreme Speed"
Braviary-Hisui,1,"Superpower"
Braviary-Hisui,1,"U-Turn"
Braviary-Hisui,25,"Aerial Ace"
Braviary-Hisui,28,"Scary Face"
Braviary-Hisui,32,"Air Cutter"
Braviary-Hisui,35,"Extrasensory"
Braviary-Hisui,38,"Dual Wingbeat"
Braviary-Hisui,42,"Psychic"
Braviary-Hisui,48,"Air Slash"
Braviary-Hisui,54,"Hurricane"
Braviary-Hisui,54,"Future Sight"
Braviary-Hisui,56,"Defog"
Braviary-Hisui,60,"Tailwind"
Braviary-Hisui,72,"Ally Switch"
Vullaby,1,"Gust"
Vullaby,1,"Leer"
Vullaby,12,"Pluck"
Vullaby,21,"Snarl"
Vullaby,32,"Knock Off"
Vullaby,35,"Air Slash"
Vullaby,35,"Dark Pulse"
Vullaby,38,"Dual Wingbeat"
Vullaby,38,"Sucker Punch"
Vullaby,42,"Brave Bird"
Vullaby,42,"Defog"
Vullaby,48,"Tailwind"
Mandibuzz,1,"Toxic"
Mandibuzz,1,"Foul Play"
Mandibuzz,21,"Pluck"
Mandibuzz,32,"Snarl"
Mandibuzz,38,"Knock Off"
Mandibuzz,38,"Air Slash"
Mandibuzz,42,"Dark Pulse"
Mandibuzz,42,"Dual Wingbeat"
Mandibuzz,48,"Sucker Punch"
Mandibuzz,54,"Brave Bird"
Mandibuzz,54,"Defog"
Mandibuzz,58,"Tailwind"
Mandibuzz,65,"Roost"
Heatmor,1,"Sucker Punch"
Heatmor,25,"Fury Swipes"
Heatmor,25,"Incinerate"
Heatmor,28,"Bug Bite"
Heatmor,38,"Slash"
Heatmor,42,"Scorching Sands"
Heatmor,42,"Flamethrower"
Heatmor,42,"Throat Chop"
Heatmor,48,"Fire Lash"
Heatmor,52,"Overheat"
Heatmor,54,"Flare Blitz"
Cobalion,1,"Reversal"
Cobalion,1,"Vacuum Wave"
Cobalion,50,"Metal Claw"
Cobalion,55,"Quick Guard"
Cobalion,60,"Double Kick"
Cobalion,65,"Retaliate"
Cobalion,70,"Smart Strike"
Cobalion,75,"Take Down"
Cobalion,80,"Sacred Sword"
Cobalion,85,"Heavy Slam"
Cobalion,90,"Iron Head"
Cobalion,95,"Close Combat"
Virizion,1,"Reversal"
Virizion,1,"Vacuum Wave"
Virizion,50,"Razor Leaf"
Virizion,55,"Quick Guard"
Virizion,60,"Double Kick"
Virizion,65,"Retaliate"
Virizion,70,"Magical Leaf"
Virizion,75,"Take Down"
Virizion,80,"Sacred Sword"
Virizion,85,"Leaf Blade"
Virizion,90,"Giga Drain"
Virizion,95,"Close Combat"
Terrakion,1,"Reversal"
Terrakion,1,"Coaching"
Terrakion,50,"Rock Tomb"
Terrakion,55,"Quick Guard"
Terrakion,60,"Double Kick"
Terrakion,65,"Retaliate"
Terrakion,70,"Rock Blast"
Terrakion,75,"Take Down"
Terrakion,80,"Sacred Sword"
Terrakion,85,"Rock Slide"
Terrakion,90,"Stone Edge"
Terrakion,95,"Close Combat"
Keldeo,1,"Flip Turn"
Keldeo,1,"Vacuum Wave"
Keldeo,1,"Secret Sword"
Keldeo,50,"Bubble Beam"
Keldeo,55,"Quick Guard"
Keldeo,60,"Double Kick"
Keldeo,65,"Retaliate"
Keldeo,70,"Aqua Tail"
Keldeo,75,"Take Down"
Keldeo,80,"Sacred Sword"
Keldeo,85,"Steam Eruption"
Keldeo,90,"Hydro Pump"
Keldeo,95,"Close Combat"
Genesect,1,"Fury Cutter"
Genesect,1,"Quick Attack"
Genesect,7,"Screech"
Genesect,14,"Metal Claw"
Genesect,35,"Metal Sound"
Genesect,42,"Bug Bite"
Genesect,49,"Magnet Rise"
Genesect,66,"Bug Buzz"
Genesect,73,"Flamethrower"
Genesect,80,"Flash Cannon"
Genesect,87,"Extreme Speed"
Genesect,94,"Techno Blast"
Genesect,100,"U-turn"
Skiddo,1,"Tackle"
Skiddo,7,"Vine Whip"
Skiddo,9,"Tail Whip"
Skiddo,12,"Razor Leaf"
Skiddo,16,"Worry Seed"
Skiddo,20,"Synthesis"
Skiddo,22,"Take Down"
Skiddo,26,"Bulldoze"
Skiddo,30,"Seed Bomb"
Skiddo,38,"Double-Edge"
Skiddo,40,"Horn Leech"
Skiddo,45,"Leaf Blade"
Gogoat,1,"Tackle"
Gogoat,7,"Vine Whip"
Gogoat,9,"Tail Whip"
Gogoat,12,"Razor Leaf"
Gogoat,16,"Worry Seed"
Gogoat,20,"Synthesis"
Gogoat,22,"Take Down"
Gogoat,26,"Bulldoze"
Gogoat,32,"Seed Bomb"
Gogoat,32,"Milk Drink"
Gogoat,38,"Double-Edge"
Gogoat,42,"Horn Leech"
Gogoat,48,"Leaf Blade"
Furfrou,1,"Tackle"
Furfrou,1,"Growl"
Furfrou,5,"Sand Attack"
Furfrou,9,"Baby-Doll Eyes"
Furfrou,12,"Headbutt"
Furfrou,15,"Tail Whip"
Furfrou,22,"Bite"
Furfrou,25,"Body Slam"
Furfrou,32,"Play Rough"
Furfrou,35,"Zen Headbutt"
Furfrou,38,"Charm"
Furfrou,42,"Sucker Punch"
Furfrou,48,"Last Resort"
Meowstic,1,"Skill Swap"
Meowstic,9,"Confusion"
Meowstic,15,"Charm"
Meowstic,21,"Psybeam"
Meowstic,25,"Sucker Punch"
Meowstic,30,"Fake Out"
Meowstic,32,"Psyshock"
Meowstic,38,"Psychic"
Meowstic,42,"Future Sight"
Honedge,1,"Tackle"
Honedge,1,"Fury Cutter"
Honedge,4,"Shadow Sneak"
Honedge,25,"Aerial Ace"
Honedge,28,"Slash"
Honedge,32,"Night Slash"
Honedge,36,"Iron Head"
Honedge,44,"Shadow Claw"
Honedge,48,"Sacred Sword"
Duoblade,1,"Tackle"
Duoblade,1,"Fury Cutter"
Duoblade,4,"Shadow Sneak"
Duoblade,30,"Aerial Ace"
Duoblade,33,"Slash"
Duoblade,35,"Night Slash"
Duoblade,39,"Iron Head"
Duoblade,39,"Flash Cannon"
Duoblade,44,"Shadow Ball"
Duoblade,44,"Shadow Claw"
Duoblade,51,"Sacred Sword"
Aegislash,1,"Head Smash"
Aegislash,5,"Shadow Sneak"
Aegislash,5,"Aerial Ace"
Aegislash,5,"Slash"
Aegislash,5,"Night Slash"
Aegislash,44,"Iron Head"
Aegislash,44,"Flash Cannon"
Aegislash,48,"Shadow Ball"
Aegislash,48,"Shadow Claw"
Aegislash,56,"Sacred Sword"
Aegislash,69,"King's Shield"
Spritzee,1,"Fairy Wind"
Spritzee,6,"Echoed Voice"
Spritzee,9,"Disarming Voice"
Spritzee,15,"Draining Kiss"
Spritzee,21,"Flail"
Spritzee,27,"Psychic"
Spritzee,30,"Charm"
Spritzee,36,"Moonblast"
Aromatisse,1,"Aromatic Mist"
Aromatisse,1,"Heal Pulse"
Aromatisse,1,"Fairy Wind"
Aromatisse,1,"Echoed Voice"
Aromatisse,9,"Disarming Voice"
Aromatisse,15,"Draining Kiss"
Aromatisse,18,"Attract"
Aromatisse,21,"Flail"
Aromatisse,27,"Psychic"
Aromatisse,30,"Charm"
Aromatisse,36,"Moonblast"
Aromatisse,38,"Rapid Spin"
Aromatisse,38,"Defog"
Aromatisse,54,"Skill Swap"
Swirlix,1,"Tackle"
Swirlix,3,"Play Nice"
Swirlix,6,"Fairy Wind"
Swirlix,12,"Draining Kiss"
Swirlix,15,"Fake Tears"
Swirlix,18,"Round"
Swirlix,24,"Cotton Spore"
Swirlix,27,"Energy Ball"
Swirlix,30,"Wish"
Swirlix,33,"Play Rough"
Swirlix,39,"Endeavor"
Slurpuff,1,"Tackle"
Slurpuff,1,"Fairy Wind"
Slurpuff,12,"Draining Kiss"
Slurpuff,15,"Fake Tears"
Slurpuff,18,"Round"
Slurpuff,24,"Cotton Spore"
Slurpuff,27,"Energy Ball"
Slurpuff,30,"Wish"
Slurpuff,33,"Play Rough"
Slurpuff,39,"Endeavor"
Slurpuff,68,"Sticky Web"
Inkay,1,"Peck"
Inkay,1,"Tackle"
Inkay,3,"Hypnosis"
Inkay,6,"Wrap"
Inkay,9,"Payback"
Inkay,12,"Pluck"
Inkay,15,"Psybeam"
Inkay,18,"Swagger"
Inkay,21,"Slash"
Inkay,24,"Night Slash"
Inkay,27,"Psycho Cut"
Inkay,33,"Foul Play"
Inkay,39,"Superpower"
Inkay,42,"Defog"
Malamar,1,"Reversal"
Malamar,1,"Hypnosis"
Malamar,9,"Payback"
Malamar,12,"Pluck"
Malamar,15,"Psybeam"
Malamar,18,"Swagger"
Malamar,21,"Slash"
Malamar,25,"Night Slash"
Malamar,32,"Psycho Cut"
Malamar,38,"Foul Play"
Malamar,48,"Sucker Punch"
Malamar,48,"Superpower"
Malamar,52,"Defog"
Binacle,1,"Scratch"
Binacle,1,"Mud-Slap"
Binacle,8,"Water Gun"
Binacle,12,"Fury Cutter"
Binacle,16,"Fury Swipes"
Binacle,20,"Ancient Power"
Binacle,25,"Rock Tomb"
Binacle,32,"Rock Slide"
Binacle,36,"Razor Shell"
Binacle,38,"Rapid Spin"
Binacle,44,"Cross Chop"
Barbaracle,1,"Skull Bash"
Barbaracle,12,"Fury Cutter"
Barbaracle,16,"Fury Swipes"
Barbaracle,20,"Ancient Power"
Barbaracle,28,"Rock Tomb"
Barbaracle,35,"Rock Slide"
Barbaracle,36,"Razor Shell"
Barbaracle,38,"Rapid Spin"
Barbaracle,40,"Crabhammer"
Barbaracle,42,"Aqua Jet"
Barbaracle,48,"Cross Chop"
Barbaracle,54,"Stone Edge"
Helioptile,1,"Mud-Slap"
Helioptile,1,"Tail Whip"
Helioptile,4,"Pound"
Helioptile,8,"Thunder Shock"
Helioptile,12,"Quick Attack"
Helioptile,20,"Bulldoze"
Helioptile,28,"Parabolic Charge"
Helioptile,32,"Thunder Wave"
Helioptile,36,"Thunderbolt"
Helioptile,40,"Hyper Voice"
Helioptile,44,"Thunder"
Helioptile,48,"Volt Switch"
Heliolisk,1,"Weather Ball"
Heliolisk,8,"Thunder Shock"
Heliolisk,18,"Quick Attack"
Heliolisk,25,"Bulldoze"
Heliolisk,32,"Parabolic Charge"
Heliolisk,35,"Thunder Wave"
Heliolisk,38,"Thunderbolt"
Heliolisk,42,"Hyper Voice"
Heliolisk,48,"Thunder"
Heliolisk,54,"Volt Switch"
Sylveon,1,"Detect"
Sylveon,5,"Quick Attack"
Sylveon,5,"Baby-Doll Eyes"
Sylveon,5,"Swift"
Sylveon,5,"Fairy Wind"
Sylveon,25,"Yawn"
Sylveon,36,"Draining Kiss"
Sylveon,42,"Moonblast"
Sylveon,48,"Hyper Voice"
Sylveon,53,"Last Resort"
Sylveon,56,"Wish"
Dedenne,1,"Nuzzle"
Dedenne,1,"Tail Whip"
Dedenne,5,"Fairy Wind"
Dedenne,15,"Thunder Shock"
Dedenne,21,"Charm"
Dedenne,28,"Super Fang"
Dedenne,32,"Parabolic Charge"
Dedenne,35,"Discharge"
Dedenne,38,"Dazzling Gleam"
Dedenne,42,"Entrainment"
Dedenne,48,"Stuff Cheeks"
Dedenne,52,"Thunder"
Dedenne,58,"Volt Switch"
Carbink,1,"Tackle"
Carbink,10,"Smack Down"
Carbink,15,"Flail"
Carbink,20,"Ancient Power"
Carbink,28,"Rapid Spin"
Carbink,35,"Rock Slide"
Carbink,40,"Skill Swap"
Carbink,45,"Power Gem"
Carbink,55,"Moonblast"
Carbink,60,"Stone Edge"
Carbink,70,"Stealth Rock"
Klefki,1,"Astonish"
Klefki,4,"Tackle"
Klefki,8,"Fairy Wind"
Klefki,20,"Metal Sound"
Klefki,24,"Draining Kiss"
Klefki,28,"Recycle"
Klefki,36,"Flash Cannon"
Klefki,40,"Dazzling Gleam"
Klefki,48,"Foul Play"
Klefki,58,"Moonblast"
Klefki,58,"Defog"
Klefki,76,"Light Screen"
Pikipek,1,"Peck"
Pikipek,3,"Growl"
Pikipek,7,"Echoed Voice"
Pikipek,9,"Rock Smash"
Pikipek,13,"Supersonic"
Pikipek,15,"Pluck"
Pikipek,19,"Roost"
Pikipek,21,"Fury Attack"
Pikipek,25,"Screech"
Pikipek,27,"Drill Peck"
Pikipek,31,"Bullet Seed"
Pikipek,33,"Feather Dance"
Pikipek,37,"Hyper Voice"
Trumbeak,1,"Peck"
Trumbeak,1,"Growl"
Trumbeak,1,"Rock Smash"
Trumbeak,12,"Echoed Voice"
Trumbeak,13,"Supersonic"
Trumbeak,16,"Pluck"
Trumbeak,21,"Roost"
Trumbeak,24,"Fury Attack"
Trumbeak,29,"Screech"
Trumbeak,32,"Drill Peck"
Trumbeak,37,"Bullet Seed"
Trumbeak,40,"Feather Dance"
Trumbeak,45,"Hyper Voice"
Toucannon,1,"Rock Blast"
Toucannon,5,"Peck"
Toucannon,5,"Growl"
Toucannon,5,"Echoed Voice"
Toucannon,5,"Rock Smash"
Toucannon,13,"Supersonic"
Toucannon,16,"Pluck"
Toucannon,21,"Roost"
Toucannon,24,"Fury Attack"
Toucannon,28,"Beak Blast"
Toucannon,30,"Screech"
Toucannon,34,"Drill Peck"
Toucannon,40,"Bullet Seed"
Toucannon,44,"Feather Dance"
Toucannon,50,"Hyper Voice"
Toucannon,54,"Beak Blast"
Toucannon,59,"Brave Bird"
Yungoos,1,"Tackle"
Yungoos,3,"Leer"
Yungoos,7,"Payback"
Yungoos,10,"Sand Attack"
Yungoos,19,"Bite"
Yungoos,22,"Mud-Slap"
Yungoos,25,"Super Fang"
Yungoos,28,"Take Down"
Yungoos,31,"Scary Face"
Yungoos,34,"Crunch"
Yungoos,37,"Yawn"
Yungoos,40,"Thrash"
Gumshoos,1,"Tackle"
Gumshoos,1,"Leer"
Gumshoos,1,"Payback"
Gumshoos,1,"Sand Attack"
Gumshoos,19,"Bite"
Gumshoos,23,"Mud-Slap"
Gumshoos,27,"Super Fang"
Gumshoos,31,"Take Down"
Gumshoos,35,"Scary Face"
Gumshoos,39,"Crunch"
Gumshoos,43,"Yawn"
Gumshoos,47,"Thrash"
Grubbin,1,"Vise Grip"
Grubbin,1,"Mud-Slap"
Grubbin,5,"String Shot"
Grubbin,10,"Bug Bite"
Grubbin,15,"Bite"
Grubbin,21,"Spark"
Grubbin,25,"X-Scissor"
Grubbin,28,"Crunch"
Grubbin,32,"Dig"
Charjabug,1,"Vise Grip"
Charjabug,1,"Mud-Slap"
Charjabug,1,"String Shot"
Charjabug,1,"Bug Bite"
Charjabug,15,"Bite"
Charjabug,21,"Spark"
Charjabug,28,"X-Scissor"
Charjabug,32,"Crunch"
Charjabug,36,"Dig"
Charjabug,38,"Discharge"
Vikavolt,15,"Bite"
Vikavolt,23,"Spark"
Vikavolt,29,"Sticky Web"
Vikavolt,35,"Bug Buzz"
Vikavolt,35,"Thunderbolt"
Vikavolt,42,"Fly"
Vikavolt,43,"Guillotine"
Vikavolt,48,"Thunder"
Vikavolt,58,"Volt Switch"
Crabrawler,1,"Vise Grip"
Crabrawler,5,"Rock Smash"
Crabrawler,9,"Leer"
Crabrawler,13,"Bubble Beam"
Crabrawler,17,"Protect"
Crabrawler,22,"Brick Break"
Crabrawler,25,"Slam"
Crabrawler,29,"Payback"
Crabrawler,33,"Reversal"
Crabrawler,37,"Crabhammer"
Crabrawler,45,"Dynamic Punch"
Crabrawler,49,"Close Combat"
Crabominable,1,"Rock Smash"
Crabominable,1,"Leer"
Crabominable,1,"Protect"
Crabominable,17,"Bubble Beam"
Crabominable,22,"Brick Break"
Crabominable,25,"Slam"
Crabominable,29,"Avalanche"
Crabominable,33,"Reversal"
Crabominable,35,"Ice Punch"
Crabominable,42,"Drain Punch"
Crabominable,48,"Ice Hammer"
Crabominable,52,"Dynamic Punch"
Crabominable,56,"Close Combat"
Oricorio,1,"Pound"
Oricorio,4,"Growl"
Oricorio,6,"Peck"
Oricorio,10,"Helping Hand"
Oricorio,13,"Air Cutter"
Oricorio,20,"Feather Dance"
Oricorio,23,"Acrobatics"
Oricorio,26,"Teeter Dance"
Oricorio,30,"Roost"
Oricorio,36,"Air Slash"
Oricorio,40,"Revelation Dance"
Oricorio,47,"Hurricane"
Wishiwashi,1,"Water Gun"
Wishiwashi,1,"Growl"
Wishiwashi,4,"Helping Hand"
Wishiwashi,8,"Beat Up"
Wishiwashi,12,"Headbutt"
Wishiwashi,16,"Water Pulse"
Wishiwashi,20,"Dive"
Wishiwashi,24,"Soak"
Wishiwashi,28,"Uproar"
Wishiwashi,32,"Aqua Tail"
Wishiwashi,36,"Life Dew"
Wishiwashi,40,"Surf"
Wishiwashi,44,"Hydro Pump"
Wishiwashi,48,"Double-Edge"
Mareanie,1,"Poison Sting"
Mareanie,1,"Peck"
Mareanie,5,"Wide Guard"
Mareanie,10,"Bite"
Mareanie,15,"Venoshock"
Mareanie,20,"Recover"
Mareanie,25,"Pin Missile"
Mareanie,32,"Scald"
Mareanie,35,"Acid Spray"
Mareanie,38,"Poison Jab"
Mareanie,42,"Toxic"
Toxapex,1,"Baneful Bunker"
Toxapex,1,"Venoshock"
Toxapex,5,"Wide Guard"
Toxapex,5,"Bite"
Toxapex,5,"Recover"
Toxapex,5,"Pin Missile"
Toxapex,32,"Scald"
Toxapex,38,"Sludge Bomb"
Toxapex,42,"Toxic"
Toxapex,48,"Liquidation"
Toxapex,48,"Gunk Shot"
Fomantis,1,"Leafage"
Fomantis,1,"Fury Cutter"
Fomantis,10,"Ingrain"
Fomantis,15,"Razor Leaf"
Fomantis,20,"Sweet Scent"
Fomantis,25,"Slash"
Fomantis,30,"X-Scissor"
Fomantis,32,"Synthesis"
Fomantis,35,"Leaf Blade"
Fomantis,40,"Solar Beam"
Lurantis,1,"Night Slash"
Lurantis,1,"Solar Beam"
Lurantis,1,"Leaf Storm"
Lurantis,1,"Fury Cutter"
Lurantis,1,"Growth"
Lurantis,1,"Ingrain"
Lurantis,15,"Razor Leaf"
Lurantis,20,"Sweet Scent"
Lurantis,25,"Slash"
Lurantis,30,"X-Scissor"
Lurantis,32,"Leaf Blade"
Lurantis,35,"Petal Blizzard"
Lurantis,38,"Synthesis"
Lurantis,42,"Defog"
Lurantis,54,"Solar Blade"
Lurantis,64,"Leaf Storm"
Comfey,3,"Vine Whip"
Comfey,6,"Helping Hand"
Comfey,9,"Draining Kiss"
Comfey,12,"Charm"
Comfey,15,"Magical Leaf"
Comfey,18,"Synthesis"
Comfey,24,"Grass Knot"
Comfey,27,"Dazzling Gleam"
Comfey,30,"Floral Healing"
Comfey,33,"Petal Blizzard"
Comfey,36,"Giga Drain"
Comfey,39,"Moonblast"
Comfey,42,"Jungle Healing"
Comfey,45,"Petal Dance"
Oranguru,1,"Psycho Boost"
Oranguru,5,"After You"
Oranguru,15,"Stored Power"
Oranguru,25,"Fake Out"
Oranguru,35,"Zen Headbutt"
Oranguru,42,"Psychic"
Oranguru,42,"Hyper Voice"
Oranguru,54,"Instruct"
Oranguru,54,"Hyper Beam"
Oranguru,58,"Foul Play"
Oranguru,65,"Future Sight"
Oranguru,69,"Techno Blast"
Oranguru,76,"Boomburst"
Oranguru,76,"Psycho Boost"
Passimian,1,"Coaching"
Passimian,1,"Drain Punch"
Passimian,5,"Rock Smash"
Passimian,10,"Focus Energy"
Passimian,15,"Beat Up"
Passimian,20,"Scary Face"
Passimian,25,"Mach Punch"
Passimian,30,"Fling"
Passimian,40,"Thrash"
Passimian,45,"Double-Edge"
Passimian,60,"Close Combat"
Passimian,65,"Reversal"
Passimian,70,"Meteor Assault"
Sandygast,1,"Absorb"
Sandygast,5,"Astonish"
Sandygast,10,"Sand Tomb"
Sandygast,15,"Mega Drain"
Sandygast,20,"Sand Attack"
Sandygast,25,"Bulldoze"
Sandygast,30,"Hypnosis"
Sandygast,35,"Giga Drain"
Sandygast,45,"Shadow Ball"
Sandygast,50,"Earth Power"
Sandygast,55,"Shore Up"
Palossand,1,"Curse"
Palossand,1,"Astonish"
Palossand,1,"Sand Tomb"
Palossand,15,"Mega Drain"
Palossand,25,"Bulldoze"
Palossand,30,"Scorching Sands"
Palossand,35,"Giga Drain"
Palossand,47,"Shadow Ball"
Palossand,54,"Earth Power"
Palossand,61,"Shore Up"
Azelf,1,"Expanding Force"
Azelf,1,"Ally Switch"
Azelf,20,"Swift"
Azelf,20,"Endure"
Azelf,20,"Psybeam"
Azelf,20,"Imprison"
Azelf,30,"Extrasensory"
Azelf,35,"Thunder Wave"
Azelf,40,"Psyshock"
Azelf,45,"Yawn"
Azelf,50,"Future Sight"
Azelf,55,"U-Turn"
Azelf,60,"Mystical Power"
Pyukumuku,1,"Harden"
Pyukumuku,2,"Helping Hand"
Pyukumuku,2,"Taunt"
Pyukumuku,2,"Counter"
Pyukumuku,2,"Mirror Coat"
Pyukumuku,25,"Purify"
Pyukumuku,30,"Light Screen"
Pyukumuku,30,"Reflect"
Pyukumuku,35,"Gastro Acid"
Pyukumuku,40,"Pain Split"
Pyukumuku,45,"Recover"
Pyukumuku,48,"Rapid Spin"
Pyukumuku,50,"Soak"
Pyukumuku,55,"Toxic"
Pyukumuku,60,"Memento"
Minior,1,"Tackle"
Minior,3,"Defense Curl"
Minior,8,"Rollout"
Minior,10,"Confuse Ray"
Minior,15,"Swift"
Minior,17,"Ancient Power"
Minior,22,"Self-Destruct"
Minior,29,"Take Down"
Minior,38,"Rapid Spin"
Minior,38,"Defog"
Minior,38,"Power Gem"
Minior,38,"Acrobatics"
Minior,43,"Double-Edge"
Minior,50,"Explosion"
Minior,54,"Rock Slide"
Komala,1,"Defense Curl"
Komala,1,"Rollout"
Komala,11,"Rapid Spin"
Komala,16,"Yawn"
Komala,21,"Slam"
Komala,26,"Flail"
Komala,31,"Sucker Punch"
Komala,41,"Wood Hammer"
Komala,46,"Thrash"
Komala,52,"Last Resort"
Mimikyu,1,"Splash"
Mimikyu,1,"Scratch"
Mimikyu,1,"Astonish"
Mimikyu,1,"Wood Hammer"
Mimikyu,6,"Shadow Sneak"
Mimikyu,18,"Baby-Doll Eyes"
Mimikyu,36,"Slash"
Mimikyu,42,"Shadow Claw"
Mimikyu,48,"Charm"
Mimikyu,54,"Play Rough"
Mimikyu,60,"Pain Split"
Mimikyu,70,"Phantom Force"
Drampa,1,"Play Nice"
Drampa,1,"Echoed Voice"
Drampa,5,"Twister"
Drampa,10,"Protect"
Drampa,15,"Glare"
Drampa,20,"Safeguard"
Drampa,25,"Dragon Breath"
Drampa,30,"Extrasensory"
Drampa,35,"Dragon Pulse"
Drampa,40,"Light Screen"
Drampa,45,"Defog"
Drampa,50,"Hyper Voice"
Drampa,55,"Outrage"
Drampa,66,"Boomburst"
Drampa,77,"Draco Meteor"
Tapu Koko,1,"Quick Attack"
Tapu Koko,1,"Thunder Shock"
Tapu Koko,30,"Fairy Wind"
Tapu Koko,40,"Spark"
Tapu Koko,45,"Shock Wave"
Tapu Koko,50,"Screech"
Tapu Koko,55,"Discharge"
Tapu Koko,60,"Mean Look"
Tapu Koko,65,"Nature's Madness"
Tapu Koko,70,"Wild Charge"
Tapu Koko,75,"Brave Bird"
Tapu Koko,80,"Volt Tackle"
Tapu Koko,90,"Play Rough"
Tapu Koko,100,"Volt Switch"
Tapu Lele,1,"Astonish"
Tapu Lele,1,"Confusion"
Tapu Lele,45,"Draining Kiss"
Tapu Lele,50,"Psybeam"
Tapu Lele,55,"Aromatic Mist"
Tapu Lele,60,"Extrasensory"
Tapu Lele,65,"Psyshock"
Tapu Lele,70,"Mean Look"
Tapu Lele,75,"Nature's Madness"
Tapu Lele,80,"Moonblast"
Tapu Lele,85,"Skill Swap"
Tapu Lele,90,"Psychic"
Tapu Lele,95,"Future Sight"
Tapu Bulu,1,"Leafage"
Tapu Bulu,1,"Rock Smash"
Tapu Bulu,45,"Mega Drain"
Tapu Bulu,50,"Horn Attack"
Tapu Bulu,55,"Scary Face"
Tapu Bulu,60,"Horn Leech"
Tapu Bulu,65,"Zen Headbutt"
Tapu Bulu,70,"Mean Look"
Tapu Bulu,75,"Nature's Madness"
Tapu Bulu,80,"Wood Hammer"
Tapu Bulu,85,"Megahorn"
Tapu Bulu,90,"Play Rough"
Tapu Bulu,100,"Grassy Glide"
Tapu Fini,1,"Disarming Voice"
Tapu Fini,1,"Water Gun"
Tapu Fini,30,"Life Dew"
Tapu Fini,40,"Water Pulse"
Tapu Fini,45,"Brine"
Tapu Fini,50,"Defog"
Tapu Fini,55,"Heal Pulse"
Tapu Fini,60,"Surf"
Tapu Fini,65,"Muddy Water"
Tapu Fini,70,"Mean Look"
Tapu Fini,75,"Nature's Madness"
Tapu Fini,80,"Moonblast"
Tapu Fini,85,"Hydro Pump"
Tapu Fini,90,"Soak"
Tapu Fini,100,"Flip Turn"
Cosmog,1,"Splash"
Cosmog,1,"Teleport"
Solgaleo,1,"Knock Off"
Solgaleo,1,"Close Combat"
Solgaleo,1,"Heavy Slam"
Solgaleo,1,"Noble Roar"
Solgaleo,53,"Sunsteel Strike"
Solgaleo,55,"Iron Head"
Solgaleo,58,"Metal Sound"
Solgaleo,63,"Zen Headbutt"
Solgaleo,67,"Flash Cannon"
Solgaleo,72,"Morning Sun"
Solgaleo,75,"Crunch"
Solgaleo,80,"Wild Charge"
Solgaleo,83,"Solar Beam"
Solgaleo,87,"Flare Blitz"
Solgaleo,89,"Wide Guard"
Solgaleo,93,"Giga Impact"
Solgaleo,95,"Steel Beam"
Lunala,1,"Poltergeist"
Lunala,1,"Meteor Beam"
Lunala,1,"Expanding Force"
Lunala,53,"Moongeist Beam"
Lunala,61,"Night Shade"
Lunala,65,"Confuse Ray"
Lunala,70,"Air Slash"
Lunala,72,"Shadow Ball"
Lunala,75,"Moonlight"
Lunala,77,"Night Daze"
Lunala,80,"Psychic"
Lunala,83,"Moonblast"
Lunala,86,"Phantom Force"
Lunala,89,"Dream Eater"
Lunala,91,"Wide Guard"
Lunala,95,"Shadow Force"
Nickit,1,"Quick Attack"
Nickit,1,"Tail Whip"
Nickit,4,"Beat Up"
Nickit,12,"Snarl"
Nickit,16,"Assurance"
Nickit,24,"Sucker Punch"
Nickit,28,"Night Slash"
Nickit,32,"Tail Slap"
Nickit,35,"Dark Pulse"
Nickit,36,"Foul Play"
Thievul,1,"Thief"
Thievul,1,"Quick Attack"
Thievul,1,"Tail Whip"
Thievul,1,"Beat Up"
Thievul,12,"Snarl"
Thievul,16,"Assurance"
Thievul,26,"Sucker Punch"
Thievul,32,"Night Slash"
Thievul,38,"Tail Slap"
Thievul,40,"Dark Pulse"
Thievul,42,"Foul Play"
Thievul,54,"Parting Shot"
Wooloo,1,"Tackle"
Wooloo,1,"Growl"
Wooloo,4,"Leer"
Wooloo,12,"Headbutt"
Wooloo,16,"Double Kick"
Wooloo,21,"Body Slam"
Wooloo,25,"Take Down"
Wooloo,32,"Reversal"
Wooloo,35,"Double-Edge"
Dubwool,1,"Giga Impact"
Dubwool,1,"Zen Headbutt"
Dubwool,15,"Headbutt"
Dubwool,16,"Double Kick"
Dubwool,21,"Headbutt"
Dubwool,27,"Take Down"
Dubwool,32,"Body Press"
Dubwool,35,"Reversal"
Dubwool,42,"Double-Edge"
Dubwool,54,"Last Resort"
Rolycoly,1,"Tackle"
Rolycoly,1,"Smokescreen"
Rolycoly,5,"Rapid Spin"
Rolycoly,10,"Smack Down"
Rolycoly,20,"Ancient Power"
Rolycoly,25,"Incinerate"
Rolycoly,32,"Heat Crash"
Rolycoly,38,"Rock Blast"
Carkol,1,"Tackle"
Carkol,1,"Smokescreen"
Carkol,1,"Rapid Spin"
Carkol,1,"Smack Down"
Carkol,17,"Flame Wheel"
Carkol,22,"Ancient Power"
Carkol,25,"Incinerate"
Carkol,32,"Heat Crash"
Carkol,38,"Rock Blast"
Carkol,42,"Stone Edge"
Coalossal,1,"Flame Charge"
Coalossal,1,"Meteor Beam"
Coalossal,1,"Rapid Spin"
Coalossal,32,"Heat Crash"
Coalossal,34,"Lava Plume"
Coalossal,34,"Tar Shot"
Coalossal,35,"Power Gem"
Coalossal,38,"Flamethrower"
Coalossal,42,"Rock Slide"
Coalossal,48,"Fire Blast"
Coalossal,54,"Stone Edge"
Coalossal,64,"Burn Up"
Applin,1,"Twister"
Applin,1,"Astonish"
Applin,1,"Absorb"
Applin,25,"Mega Drain"
Applin,25,"Dragon Breath"
Applin,25,"Acid Spray"
Flapple,32,"Wing Attack"
Flapple,35,"Acid Spray"
Flapple,35,"Acrobatics"
Flapple,38,"Protect"
Flapple,38,"Dragon Pulse"
Flapple,42,"Grav Apple"
Flapple,42,"Energy Ball"
Flapple,44,"Dual Chop"
Flapple,48,"Giga Drain"
Flapple,48,"Rapid Spin"
Flapple,54,"Leaf Storm"
Flapple,70,"Draco Meteor"
Flapple,70,"Dragon Darts"
Appletun,32,"Body Slam"
Appletun,35,"Acid Spray"
Appletun,35,"Recover"
Appletun,38,"Protect"
Appletun,38,"Dragon Pulse"
Appletun,42,"Apple Acid"
Appletun,42,"Energy Ball"
Appletun,44,"Dragon Tail"
Appletun,48,"Giga Drain"
Appletun,48,"Defog"
Appletun,54,"Leaf Storm"
Appletun,70,"Draco Meteor"
Appletun,70,"Spacial Rend"
Silicobra,1,"Wrap"
Silicobra,1,"Sand Attack"
Silicobra,10,"Brutal Swing"
Silicobra,17,"Bulldoze"
Silicobra,21,"Headbutt"
Silicobra,25,"Glare"
Silicobra,32,"Mud Shot"
Silicobra,36,"Drill Run"
Silicobra,38,"Rapid Spin"
Silicobra,42,"Dragon Tail"
Silicobra,48,"Earthquake"
Sandaconda,1,"Zen Headbutt"
Sandaconda,1,"Dragon Rush"
Sandaconda,10,"Brutal Swing"
Sandaconda,21,"Bulldoze"
Sandaconda,25,"Headbutt"
Sandaconda,32,"Glare"
Sandaconda,34,"Mud Shot"
Sandaconda,38,"Drill Run"
Sandaconda,42,"Rapid Spin"
Sandaconda,48,"Dragon Tail"
Sandaconda,54,"Earthquake"
Cramorant,1,"Belch"
Cramorant,7,"Water Gun"
Cramorant,14,"Fury Attack"
Cramorant,21,"Pluck"
Cramorant,28,"Dive"
Cramorant,35,"Drill Peck"
Cramorant,42,"Surf"
Cramorant,48,"Defog"
Cramorant,48,"Tailwind"
Cramorant,54,"Hydro Pump"
Cramorant,66,"Flip Turn"
Clobbopus,1,"Rock Smash"
Clobbopus,1,"Leer"
Clobbopus,17,"Revenge"
Clobbopus,17,"Payback"
Clobbopus,21,"Seismic Toss"
Clobbopus,25,"Circle Throw"
Clobbopus,38,"Sucker Punch"
Clobbopus,42,"Superpower"
Clobbopus,54,"Close Combat"
Grapploct,1,"Octolock"
Grapploct,1,"Drain Punch"
Grapploct,32,"Octazooka"
Grapploct,32,"Brick Break"
Grapploct,42,"Sucker Punch"
Grapploct,48,"Superpower"
Grapploct,54,"Reversal"
Grapploct,62,"Close Combat"
Grapploct,70,"Coaching"
Sinistea,1,"Astonish"
Sinistea,6,"Aromatic Mist"
Sinistea,12,"Mega Drain"
Sinistea,24,"Sucker Punch"
Sinistea,30,"Hex"
Sinistea,32,"Will-O-Wisp"
Sinistea,36,"Giga Drain"
Sinistea,48,"Shadow Ball"
Sinistea,54,"Memento"
Polteageist,1,"Strength Sap"
Polteageist,1,"Dark Pulse"
Polteageist,1,"Mega Drain"
Polteageist,15,"Teatime"
Polteageist,18,"Protect"
Polteageist,24,"Sucker Punch"
Polteageist,30,"Sweet Scent"
Polteageist,36,"Giga Drain"
Polteageist,48,"Shadow Ball"
Polteageist,54,"Memento"
Polteageist,66,"Curse"
Cursola,1,"Perish Song"
Cursola,5,"Tackle"
Cursola,5,"Harden"
Cursola,5,"Astonish"
Cursola,5,"Disable"
Cursola,15,"Spite"
Cursola,20,"Ancient Power"
Cursola,25,"Hex"
Cursola,30,"Curse"
Cursola,35,"Strength Sap"
Cursola,40,"Power Gem"
Cursola,45,"Night Shade"
Cursola,50,"Shadow Ball"
Cursola,55,"Mirror Coat"
Mr. Rime,1,"Rapid Spin"
Mr. Rime,1,"Dazzling Gleam"
Mr. Rime,1,"Ice Shard"
Mr. Rime,12,"Confusion"
Mr. Rime,16,"Ally Switch"
Mr. Rime,20,"Icy Wind"
Mr. Rime,24,"Double Kick"
Mr. Rime,28,"Psybeam"
Mr. Rime,32,"Hypnosis"
Mr. Rime,36,"Mirror Coat"
Mr. Rime,40,"Sucker Punch"
Mr. Rime,44,"Freeze-Dry"
Mr. Rime,48,"Psychic"
Mr. Rime,52,"Ice Beam"
Milcery,1,"Tackle"
Milcery,1,"Aromatic Mist"
Milcery,5,"Sweet Kiss"
Milcery,10,"Sweet Scent"
Milcery,15,"Draining Kiss"
Milcery,20,"Charm"
Milcery,25,"Attract"
Milcery,30,"Acid Armor"
Milcery,35,"Dazzling Gleam"
Milcery,48,"Recover"
Milcery,50,"Entrainment"
Alcremie,1,"Tackle"
Alcremie,1,"Aromatic Mist"
Alcremie,30,"Draining Kiss"
Alcremie,35,"Charm"
Alcremie,40,"Dazzling Gleam"
Alcremie,45,"Recover"
Alcremie,50,"Hyper Voice"
Alcremie,55,"Moonblast"
Alcremie,60,"Misty Explosion"
Falinks,1,"Tackle"
Falinks,1,"Protect"
Falinks,5,"Rock Smash"
Falinks,15,"Headbutt"
Falinks,15,"Revenge"
Falinks,32,"Smart Strike"
Falinks,35,"Body Press"
Falinks,42,"First Impression"
Falinks,54,"Close Combat"
Falinks,58,"Megahorn"
Falinks,60,"Counter"
Pincurchin,1,"Peck"
Pincurchin,1,"Thunder Shock"
Pincurchin,5,"Water Gun"
Pincurchin,10,"Charge"
Pincurchin,15,"Fury Attack"
Pincurchin,28,"Spark"
Pincurchin,35,"Surf"
Pincurchin,38,"Recover"
Pincurchin,42,"Sucker Punch"
Pincurchin,42,"Poison Jab"
Pincurchin,48,"Zing Zap"
Pincurchin,48,"Discharge"
Snom,1,"Powder Snow"
Snom,1,"Struggle Bug"
Frosmoth,1,"Leech Life"
Frosmoth,1,"U-Turn"
Frosmoth,1,"Mirror Coat"
Frosmoth,22,"Powder Snow"
Frosmoth,22,"Struggle Bug"
Frosmoth,22,"Icy Wind"
Frosmoth,22,"Stun Spore"
Frosmoth,32,"Defog"
Frosmoth,32,"Feather Dance"
Frosmoth,35,"Aurora Beam"
Frosmoth,35,"Bug Buzz"
Frosmoth,42,"Ice Beam"
Frosmoth,48,"Tailwind"
Frosmoth,48,"Wide Guard"
Stonejourner,1,"Rock Throw"
Stonejourner,1,"Block"
Stonejourner,12,"Rock Tomb"
Stonejourner,18,"Gravity"
Stonejourner,24,"Stomp"
Stonejourner,28,"Rapid Spin"
Stonejourner,30,"Accelrock"
Stonejourner,36,"Rock Slide"
Stonejourner,42,"Body Slam"
Stonejourner,48,"Wide Guard"
Stonejourner,54,"Heavy Slam"
Stonejourner,60,"Stone Edge"
Stonejourner,66,"Rock Wrecker"
Eiscue,1,"Powder Snow"
Eiscue,1,"Tackle"
Eiscue,6,"Mist"
Eiscue,12,"Weather Ball"
Eiscue,18,"Icy Wind"
Eiscue,24,"Headbutt"
Eiscue,30,"Icicle Crash"
Eiscue,36,"Freeze-Dry"
Eiscue,38,"Defog"
Eiscue,42,"Ice Beam"
Eiscue,48,"Ice Shard"
Eiscue,54,"Surf"
Eiscue,60,"Blizzard"
Indeedee,1,"Stored Power"
Indeedee,5,"Encore"
Indeedee,10,"Disarming Voice"
Indeedee,15,"Psybeam"
Indeedee,20,"Helping Hand"
Indeedee,32,"Extrasensory"
Indeedee,38,"Hyper Voice"
Indeedee,38,"Healing Wish"
Indeedee,42,"Psychic"
Indeedee,55,"Last Resort"
Morpeko,1,"Thunder Shock"
Morpeko,1,"Tail Whip"
Morpeko,5,"Leer"
Morpeko,10,"Power Trip"
Morpeko,15,"Quick Attack"
Morpeko,20,"Nuzzle"
Morpeko,25,"Bite"
Morpeko,30,"Spark"
Morpeko,35,"Torment"
Morpeko,42,"Volt Switch"
Morpeko,50,"Crunch"
Morpeko,55,"Aura Wheel"
Morpeko,60,"Thrash"
Dracozolt,1,"Tackle"
Dracozolt,1,"Thunder Shock"
Dracozolt,14,"Aerial Ace"
Dracozolt,21,"Ancient Power"
Dracozolt,28,"Pluck"
Dracozolt,35,"Dragon Tail"
Dracozolt,42,"Stomp"
Dracozolt,48,"Thunder Fang"
Dracozolt,54,"Discharge"
Dracozolt,63,"Bolt Beak"
Dracozolt,70,"Dragon Pulse"
Dracozolt,77,"Dragon Hammer"
Arctozolt,1,"Powder Snow"
Arctozolt,1,"Thunder Shock"
Arctozolt,14,"Echoed Voice"
Arctozolt,21,"Ancient Power"
Arctozolt,28,"Pluck"
Arctozolt,35,"Avalanche"
Arctozolt,42,"Freeze-Dry"
Arctozolt,48,"Ice Fang"
Arctozolt,54,"Discharge"
Arctozolt,68,"Bolt Beak"
Arctozolt,70,"Icicle Crash"
Arctozolt,77,"Blizzard"
Dracovish,1,"Tackle"
Dracovish,1,"Water Gun"
Dracovish,7,"Protect"
Dracovish,14,"Brutal Swing"
Dracovish,21,"Ancient Power"
Dracovish,28,"Bite"
Dracovish,35,"Dragon Breath"
Dracovish,42,"Brine"
Dracovish,48,"Dive"
Dracovish,54,"Crunch"
Dracovish,68,"Fishious Rend"
Dracovish,70,"Dragon Pulse"
Dracovish,77,"Dragon Hammer"
Arctovish,1,"Powder Snow"
Arctovish,1,"Water Gun"
Arctovish,7,"Protect"
Arctovish,14,"Icy Wind"
Arctovish,21,"Ancient Power"
Arctovish,28,"Bite"
Arctovish,35,"Aurora Veil"
Arctovish,42,"Freeze-Dry"
Arctovish,48,"Ice Fang"
Arctovish,54,"Crunch"
Arctovish,68,"Fishious Rend"
Arctovish,70,"Icicle Crash"
Arctovish,77,"Blizzard"
Glastrier,1,"Close Combat"
Glastrier,1,"Lash Out"
Glastrier,50,"Double Kick"
Glastrier,55,"Bulldoze"
Glastrier,60,"Stomp"
Glastrier,65,"Ice Shard"
Glastrier,70,"Giga Impact"
Glastrier,75,"Body Press"
Glastrier,80,"Avalanche"
Glastrier,85,"Icicle Crash"
Glastrier,90,"High Horsepower"
Glastrier,100,"Glacial Lance"
